network,title,seed,wd,layer_index,layer_name,layer_label,method_name,method_label,wd_value
efficientnetb0_stanfordcars,EfficientNet-B0 + Stanford Cars,1,5e-05,1,features.1.0.block.0.0,f.1.0.b.0.0,uniform,WD fijo,5e-05
efficientnetb0_stanfordcars,EfficientNet-B0 + Stanford Cars,1,5e-05,1,features.1.0.block.0.0,f.1.0.b.0.0,adadecayg,AdaDecayG,5e-05
efficientnetb0_stanfordcars,EfficientNet-B0 + Stanford Cars,1,5e-05,1,features.1.0.block.0.0,f.1.0.b.0.0,ouidecay,OUIDecay,0.00023502518042090985
efficientnetb0_stanfordcars,EfficientNet-B0 + Stanford Cars,1,5e-05,2,features.1.0.block.1.fc1,f.1.0.b.1.fc1,uniform,WD fijo,5e-05
efficientnetb0_stanfordcars,EfficientNet-B0 + Stanford Cars,1,5e-05,2,features.1.0.block.1.fc1,f.1.0.b.1.fc1,adadecayg,AdaDecayG,5e-05
efficientnetb0_stanfordcars,EfficientNet-B0 + Stanford Cars,1,5e-05,2,features.1.0.block.1.fc1,f.1.0.b.1.fc1,ouidecay,OUIDecay,8.036736765665815e-05
efficientnetb0_stanfordcars,EfficientNet-B0 + Stanford Cars,1,5e-05,3,features.1.0.block.1.fc2,f.1.0.b.1.fc2,uniform,WD fijo,5e-05
efficientnetb0_stanfordcars,EfficientNet-B0 + Stanford Cars,1,5e-05,3,features.1.0.block.1.fc2,f.1.0.b.1.fc2,adadecayg,AdaDecayG,5e-05
efficientnetb0_stanfordcars,EfficientNet-B0 + Stanford Cars,1,5e-05,3,features.1.0.block.1.fc2,f.1.0.b.1.fc2,ouidecay,OUIDecay,4.335278909155895e-05
efficientnetb0_stanfordcars,EfficientNet-B0 + Stanford Cars,1,5e-05,4,features.1.0.block.2.0,f.1.0.b.2.0,uniform,WD fijo,5e-05
efficientnetb0_stanfordcars,EfficientNet-B0 + Stanford Cars,1,5e-05,4,features.1.0.block.2.0,f.1.0.b.2.0,adadecayg,AdaDecayG,5e-05
efficientnetb0_stanfordcars,EfficientNet-B0 + Stanford Cars,1,5e-05,4,features.1.0.block.2.0,f.1.0.b.2.0,ouidecay,OUIDecay,0.00016338714593703565
efficientnetb0_stanfordcars,EfficientNet-B0 + Stanford Cars,1,5e-05,5,features.2.0.block.0.0,f.2.0.b.0.0,uniform,WD fijo,5e-05
efficientnetb0_stanfordcars,EfficientNet-B0 + Stanford Cars,1,5e-05,5,features.2.0.block.0.0,f.2.0.b.0.0,adadecayg,AdaDecayG,5e-05
efficientnetb0_stanfordcars,EfficientNet-B0 + Stanford Cars,1,5e-05,5,features.2.0.block.0.0,f.2.0.b.0.0,ouidecay,OUIDecay,0.00020437099393273491
efficientnetb0_stanfordcars,EfficientNet-B0 + Stanford Cars,1,5e-05,6,features.2.0.block.1.0,f.2.0.b.1.0,uniform,WD fijo,5e-05
efficientnetb0_stanfordcars,EfficientNet-B0 + Stanford Cars,1,5e-05,6,features.2.0.block.1.0,f.2.0.b.1.0,adadecayg,AdaDecayG,5e-05
efficientnetb0_stanfordcars,EfficientNet-B0 + Stanford Cars,1,5e-05,6,features.2.0.block.1.0,f.2.0.b.1.0,ouidecay,OUIDecay,0.000202521855194443
efficientnetb0_stanfordcars,EfficientNet-B0 + Stanford Cars,1,5e-05,7,features.2.0.block.2.fc1,f.2.0.b.2.fc1,uniform,WD fijo,5e-05
efficientnetb0_stanfordcars,EfficientNet-B0 + Stanford Cars,1,5e-05,7,features.2.0.block.2.fc1,f.2.0.b.2.fc1,adadecayg,AdaDecayG,5e-05
efficientnetb0_stanfordcars,EfficientNet-B0 + Stanford Cars,1,5e-05,7,features.2.0.block.2.fc1,f.2.0.b.2.fc1,ouidecay,OUIDecay,7.290706500012654e-05
efficientnetb0_stanfordcars,EfficientNet-B0 + Stanford Cars,1,5e-05,8,features.2.0.block.2.fc2,f.2.0.b.2.fc2,uniform,WD fijo,5e-05
efficientnetb0_stanfordcars,EfficientNet-B0 + Stanford Cars,1,5e-05,8,features.2.0.block.2.fc2,f.2.0.b.2.fc2,adadecayg,AdaDecayG,5e-05
efficientnetb0_stanfordcars,EfficientNet-B0 + Stanford Cars,1,5e-05,8,features.2.0.block.2.fc2,f.2.0.b.2.fc2,ouidecay,OUIDecay,5.637643832139283e-05
efficientnetb0_stanfordcars,EfficientNet-B0 + Stanford Cars,1,5e-05,9,features.2.0.block.3.0,f.2.0.b.3.0,uniform,WD fijo,5e-05
efficientnetb0_stanfordcars,EfficientNet-B0 + Stanford Cars,1,5e-05,9,features.2.0.block.3.0,f.2.0.b.3.0,adadecayg,AdaDecayG,5e-05
efficientnetb0_stanfordcars,EfficientNet-B0 + Stanford Cars,1,5e-05,9,features.2.0.block.3.0,f.2.0.b.3.0,ouidecay,OUIDecay,0.00021975387809266934
efficientnetb0_stanfordcars,EfficientNet-B0 + Stanford Cars,1,5e-05,10,features.2.1.block.0.0,f.2.1.b.0.0,uniform,WD fijo,5e-05
efficientnetb0_stanfordcars,EfficientNet-B0 + Stanford Cars,1,5e-05,10,features.2.1.block.0.0,f.2.1.b.0.0,adadecayg,AdaDecayG,5e-05
efficientnetb0_stanfordcars,EfficientNet-B0 + Stanford Cars,1,5e-05,10,features.2.1.block.0.0,f.2.1.b.0.0,ouidecay,OUIDecay,0.0002377457479291058
efficientnetb0_stanfordcars,EfficientNet-B0 + Stanford Cars,1,5e-05,11,features.2.1.block.1.0,f.2.1.b.1.0,uniform,WD fijo,5e-05
efficientnetb0_stanfordcars,EfficientNet-B0 + Stanford Cars,1,5e-05,11,features.2.1.block.1.0,f.2.1.b.1.0,adadecayg,AdaDecayG,5e-05
efficientnetb0_stanfordcars,EfficientNet-B0 + Stanford Cars,1,5e-05,11,features.2.1.block.1.0,f.2.1.b.1.0,ouidecay,OUIDecay,0.00023218771293470448
efficientnetb0_stanfordcars,EfficientNet-B0 + Stanford Cars,1,5e-05,12,features.2.1.block.2.fc1,f.2.1.b.2.fc1,uniform,WD fijo,5e-05
efficientnetb0_stanfordcars,EfficientNet-B0 + Stanford Cars,1,5e-05,12,features.2.1.block.2.fc1,f.2.1.b.2.fc1,adadecayg,AdaDecayG,5e-05
efficientnetb0_stanfordcars,EfficientNet-B0 + Stanford Cars,1,5e-05,12,features.2.1.block.2.fc1,f.2.1.b.2.fc1,ouidecay,OUIDecay,4.612649154372325e-05
efficientnetb0_stanfordcars,EfficientNet-B0 + Stanford Cars,1,5e-05,13,features.2.1.block.2.fc2,f.2.1.b.2.fc2,uniform,WD fijo,5e-05
efficientnetb0_stanfordcars,EfficientNet-B0 + Stanford Cars,1,5e-05,13,features.2.1.block.2.fc2,f.2.1.b.2.fc2,adadecayg,AdaDecayG,5e-05
efficientnetb0_stanfordcars,EfficientNet-B0 + Stanford Cars,1,5e-05,13,features.2.1.block.2.fc2,f.2.1.b.2.fc2,ouidecay,OUIDecay,4.5074397396912404e-05
efficientnetb0_stanfordcars,EfficientNet-B0 + Stanford Cars,1,5e-05,14,features.2.1.block.3.0,f.2.1.b.3.0,uniform,WD fijo,5e-05
efficientnetb0_stanfordcars,EfficientNet-B0 + Stanford Cars,1,5e-05,14,features.2.1.block.3.0,f.2.1.b.3.0,adadecayg,AdaDecayG,5e-05
efficientnetb0_stanfordcars,EfficientNet-B0 + Stanford Cars,1,5e-05,14,features.2.1.block.3.0,f.2.1.b.3.0,ouidecay,OUIDecay,0.00021796851040854843
efficientnetb0_stanfordcars,EfficientNet-B0 + Stanford Cars,1,5e-05,15,features.3.0.block.0.0,f.3.0.b.0.0,uniform,WD fijo,5e-05
efficientnetb0_stanfordcars,EfficientNet-B0 + Stanford Cars,1,5e-05,15,features.3.0.block.0.0,f.3.0.b.0.0,adadecayg,AdaDecayG,5e-05
efficientnetb0_stanfordcars,EfficientNet-B0 + Stanford Cars,1,5e-05,15,features.3.0.block.0.0,f.3.0.b.0.0,ouidecay,OUIDecay,0.00023445131098579202
efficientnetb0_stanfordcars,EfficientNet-B0 + Stanford Cars,1,5e-05,16,features.3.0.block.1.0,f.3.0.b.1.0,uniform,WD fijo,5e-05
efficientnetb0_stanfordcars,EfficientNet-B0 + Stanford Cars,1,5e-05,16,features.3.0.block.1.0,f.3.0.b.1.0,adadecayg,AdaDecayG,5e-05
efficientnetb0_stanfordcars,EfficientNet-B0 + Stanford Cars,1,5e-05,16,features.3.0.block.1.0,f.3.0.b.1.0,ouidecay,OUIDecay,0.0002134094346169896
efficientnetb0_stanfordcars,EfficientNet-B0 + Stanford Cars,1,5e-05,17,features.3.0.block.2.fc1,f.3.0.b.2.fc1,uniform,WD fijo,5e-05
efficientnetb0_stanfordcars,EfficientNet-B0 + Stanford Cars,1,5e-05,17,features.3.0.block.2.fc1,f.3.0.b.2.fc1,adadecayg,AdaDecayG,5e-05
efficientnetb0_stanfordcars,EfficientNet-B0 + Stanford Cars,1,5e-05,17,features.3.0.block.2.fc1,f.3.0.b.2.fc1,ouidecay,OUIDecay,3.694458051342761e-05
efficientnetb0_stanfordcars,EfficientNet-B0 + Stanford Cars,1,5e-05,18,features.3.0.block.2.fc2,f.3.0.b.2.fc2,uniform,WD fijo,5e-05
efficientnetb0_stanfordcars,EfficientNet-B0 + Stanford Cars,1,5e-05,18,features.3.0.block.2.fc2,f.3.0.b.2.fc2,adadecayg,AdaDecayG,5e-05
efficientnetb0_stanfordcars,EfficientNet-B0 + Stanford Cars,1,5e-05,18,features.3.0.block.2.fc2,f.3.0.b.2.fc2,ouidecay,OUIDecay,6.860304423674291e-05
efficientnetb0_stanfordcars,EfficientNet-B0 + Stanford Cars,1,5e-05,19,features.3.0.block.3.0,f.3.0.b.3.0,uniform,WD fijo,5e-05
efficientnetb0_stanfordcars,EfficientNet-B0 + Stanford Cars,1,5e-05,19,features.3.0.block.3.0,f.3.0.b.3.0,adadecayg,AdaDecayG,5e-05
efficientnetb0_stanfordcars,EfficientNet-B0 + Stanford Cars,1,5e-05,19,features.3.0.block.3.0,f.3.0.b.3.0,ouidecay,OUIDecay,0.00020447620391294335
efficientnetb0_stanfordcars,EfficientNet-B0 + Stanford Cars,1,5e-05,20,features.3.1.block.0.0,f.3.1.b.0.0,uniform,WD fijo,5e-05
efficientnetb0_stanfordcars,EfficientNet-B0 + Stanford Cars,1,5e-05,20,features.3.1.block.0.0,f.3.1.b.0.0,adadecayg,AdaDecayG,5e-05
efficientnetb0_stanfordcars,EfficientNet-B0 + Stanford Cars,1,5e-05,20,features.3.1.block.0.0,f.3.1.b.0.0,ouidecay,OUIDecay,0.0002479372543864643
efficientnetb0_stanfordcars,EfficientNet-B0 + Stanford Cars,1,5e-05,21,features.3.1.block.1.0,f.3.1.b.1.0,uniform,WD fijo,5e-05
efficientnetb0_stanfordcars,EfficientNet-B0 + Stanford Cars,1,5e-05,21,features.3.1.block.1.0,f.3.1.b.1.0,adadecayg,AdaDecayG,5e-05
efficientnetb0_stanfordcars,EfficientNet-B0 + Stanford Cars,1,5e-05,21,features.3.1.block.1.0,f.3.1.b.1.0,ouidecay,OUIDecay,0.00023391571060464879
efficientnetb0_stanfordcars,EfficientNet-B0 + Stanford Cars,1,5e-05,22,features.3.1.block.2.fc1,f.3.1.b.2.fc1,uniform,WD fijo,5e-05
efficientnetb0_stanfordcars,EfficientNet-B0 + Stanford Cars,1,5e-05,22,features.3.1.block.2.fc1,f.3.1.b.2.fc1,adadecayg,AdaDecayG,5e-05
efficientnetb0_stanfordcars,EfficientNet-B0 + Stanford Cars,1,5e-05,22,features.3.1.block.2.fc1,f.3.1.b.2.fc1,ouidecay,OUIDecay,4.811590551249374e-05
efficientnetb0_stanfordcars,EfficientNet-B0 + Stanford Cars,1,5e-05,23,features.3.1.block.2.fc2,f.3.1.b.2.fc2,uniform,WD fijo,5e-05
efficientnetb0_stanfordcars,EfficientNet-B0 + Stanford Cars,1,5e-05,23,features.3.1.block.2.fc2,f.3.1.b.2.fc2,adadecayg,AdaDecayG,5e-05
efficientnetb0_stanfordcars,EfficientNet-B0 + Stanford Cars,1,5e-05,23,features.3.1.block.2.fc2,f.3.1.b.2.fc2,ouidecay,OUIDecay,4.2951080961289745e-05
efficientnetb0_stanfordcars,EfficientNet-B0 + Stanford Cars,1,5e-05,24,features.3.1.block.3.0,f.3.1.b.3.0,uniform,WD fijo,5e-05
efficientnetb0_stanfordcars,EfficientNet-B0 + Stanford Cars,1,5e-05,24,features.3.1.block.3.0,f.3.1.b.3.0,adadecayg,AdaDecayG,5e-05
efficientnetb0_stanfordcars,EfficientNet-B0 + Stanford Cars,1,5e-05,24,features.3.1.block.3.0,f.3.1.b.3.0,ouidecay,OUIDecay,0.0002129694674662958
efficientnetb0_stanfordcars,EfficientNet-B0 + Stanford Cars,1,5e-05,25,features.4.0.block.0.0,f.4.0.b.0.0,uniform,WD fijo,5e-05
efficientnetb0_stanfordcars,EfficientNet-B0 + Stanford Cars,1,5e-05,25,features.4.0.block.0.0,f.4.0.b.0.0,adadecayg,AdaDecayG,5e-05
efficientnetb0_stanfordcars,EfficientNet-B0 + Stanford Cars,1,5e-05,25,features.4.0.block.0.0,f.4.0.b.0.0,ouidecay,OUIDecay,0.0002495568430156284
efficientnetb0_stanfordcars,EfficientNet-B0 + Stanford Cars,1,5e-05,26,features.4.0.block.1.0,f.4.0.b.1.0,uniform,WD fijo,5e-05
efficientnetb0_stanfordcars,EfficientNet-B0 + Stanford Cars,1,5e-05,26,features.4.0.block.1.0,f.4.0.b.1.0,adadecayg,AdaDecayG,5e-05
efficientnetb0_stanfordcars,EfficientNet-B0 + Stanford Cars,1,5e-05,26,features.4.0.block.1.0,f.4.0.b.1.0,ouidecay,OUIDecay,0.00023510808454264267
efficientnetb0_stanfordcars,EfficientNet-B0 + Stanford Cars,1,5e-05,27,features.4.0.block.2.fc1,f.4.0.b.2.fc1,uniform,WD fijo,5e-05
efficientnetb0_stanfordcars,EfficientNet-B0 + Stanford Cars,1,5e-05,27,features.4.0.block.2.fc1,f.4.0.b.2.fc1,adadecayg,AdaDecayG,5e-05
efficientnetb0_stanfordcars,EfficientNet-B0 + Stanford Cars,1,5e-05,27,features.4.0.block.2.fc1,f.4.0.b.2.fc1,ouidecay,OUIDecay,9.922854425840411e-05
efficientnetb0_stanfordcars,EfficientNet-B0 + Stanford Cars,1,5e-05,28,features.4.0.block.2.fc2,f.4.0.b.2.fc2,uniform,WD fijo,5e-05
efficientnetb0_stanfordcars,EfficientNet-B0 + Stanford Cars,1,5e-05,28,features.4.0.block.2.fc2,f.4.0.b.2.fc2,adadecayg,AdaDecayG,5e-05
efficientnetb0_stanfordcars,EfficientNet-B0 + Stanford Cars,1,5e-05,28,features.4.0.block.2.fc2,f.4.0.b.2.fc2,ouidecay,OUIDecay,6.738516720398344e-05
efficientnetb0_stanfordcars,EfficientNet-B0 + Stanford Cars,1,5e-05,29,features.4.0.block.3.0,f.4.0.b.3.0,uniform,WD fijo,5e-05
efficientnetb0_stanfordcars,EfficientNet-B0 + Stanford Cars,1,5e-05,29,features.4.0.block.3.0,f.4.0.b.3.0,adadecayg,AdaDecayG,5e-05
efficientnetb0_stanfordcars,EfficientNet-B0 + Stanford Cars,1,5e-05,29,features.4.0.block.3.0,f.4.0.b.3.0,ouidecay,OUIDecay,0.0002111139568765184
efficientnetb0_stanfordcars,EfficientNet-B0 + Stanford Cars,1,5e-05,30,features.4.1.block.0.0,f.4.1.b.0.0,uniform,WD fijo,5e-05
efficientnetb0_stanfordcars,EfficientNet-B0 + Stanford Cars,1,5e-05,30,features.4.1.block.0.0,f.4.1.b.0.0,adadecayg,AdaDecayG,5e-05
efficientnetb0_stanfordcars,EfficientNet-B0 + Stanford Cars,1,5e-05,30,features.4.1.block.0.0,f.4.1.b.0.0,ouidecay,OUIDecay,0.00024999999755149046
efficientnetb0_stanfordcars,EfficientNet-B0 + Stanford Cars,1,5e-05,31,features.4.1.block.1.0,f.4.1.b.1.0,uniform,WD fijo,5e-05
efficientnetb0_stanfordcars,EfficientNet-B0 + Stanford Cars,1,5e-05,31,features.4.1.block.1.0,f.4.1.b.1.0,adadecayg,AdaDecayG,5e-05
efficientnetb0_stanfordcars,EfficientNet-B0 + Stanford Cars,1,5e-05,31,features.4.1.block.1.0,f.4.1.b.1.0,ouidecay,OUIDecay,0.00024149397278206162
efficientnetb0_stanfordcars,EfficientNet-B0 + Stanford Cars,1,5e-05,32,features.4.1.block.2.fc1,f.4.1.b.2.fc1,uniform,WD fijo,5e-05
efficientnetb0_stanfordcars,EfficientNet-B0 + Stanford Cars,1,5e-05,32,features.4.1.block.2.fc1,f.4.1.b.2.fc1,adadecayg,AdaDecayG,5e-05
efficientnetb0_stanfordcars,EfficientNet-B0 + Stanford Cars,1,5e-05,32,features.4.1.block.2.fc1,f.4.1.b.2.fc1,ouidecay,OUIDecay,4.0923408793021434e-05
efficientnetb0_stanfordcars,EfficientNet-B0 + Stanford Cars,1,5e-05,33,features.4.1.block.2.fc2,f.4.1.b.2.fc2,uniform,WD fijo,5e-05
efficientnetb0_stanfordcars,EfficientNet-B0 + Stanford Cars,1,5e-05,33,features.4.1.block.2.fc2,f.4.1.b.2.fc2,adadecayg,AdaDecayG,5e-05
efficientnetb0_stanfordcars,EfficientNet-B0 + Stanford Cars,1,5e-05,33,features.4.1.block.2.fc2,f.4.1.b.2.fc2,ouidecay,OUIDecay,5.185243416509047e-05
efficientnetb0_stanfordcars,EfficientNet-B0 + Stanford Cars,1,5e-05,34,features.4.1.block.3.0,f.4.1.b.3.0,uniform,WD fijo,5e-05
efficientnetb0_stanfordcars,EfficientNet-B0 + Stanford Cars,1,5e-05,34,features.4.1.block.3.0,f.4.1.b.3.0,adadecayg,AdaDecayG,5e-05
efficientnetb0_stanfordcars,EfficientNet-B0 + Stanford Cars,1,5e-05,34,features.4.1.block.3.0,f.4.1.b.3.0,ouidecay,OUIDecay,0.00021901422376489294
efficientnetb0_stanfordcars,EfficientNet-B0 + Stanford Cars,1,5e-05,35,features.4.2.block.0.0,f.4.2.b.0.0,uniform,WD fijo,5e-05
efficientnetb0_stanfordcars,EfficientNet-B0 + Stanford Cars,1,5e-05,35,features.4.2.block.0.0,f.4.2.b.0.0,adadecayg,AdaDecayG,5e-05
efficientnetb0_stanfordcars,EfficientNet-B0 + Stanford Cars,1,5e-05,35,features.4.2.block.0.0,f.4.2.b.0.0,ouidecay,OUIDecay,0.0002459988513503576
efficientnetb0_stanfordcars,EfficientNet-B0 + Stanford Cars,1,5e-05,36,features.4.2.block.1.0,f.4.2.b.1.0,uniform,WD fijo,5e-05
efficientnetb0_stanfordcars,EfficientNet-B0 + Stanford Cars,1,5e-05,36,features.4.2.block.1.0,f.4.2.b.1.0,adadecayg,AdaDecayG,5e-05
efficientnetb0_stanfordcars,EfficientNet-B0 + Stanford Cars,1,5e-05,36,features.4.2.block.1.0,f.4.2.b.1.0,ouidecay,OUIDecay,0.00020308297800773889
efficientnetb0_stanfordcars,EfficientNet-B0 + Stanford Cars,1,5e-05,37,features.4.2.block.2.fc1,f.4.2.b.2.fc1,uniform,WD fijo,5e-05
efficientnetb0_stanfordcars,EfficientNet-B0 + Stanford Cars,1,5e-05,37,features.4.2.block.2.fc1,f.4.2.b.2.fc1,adadecayg,AdaDecayG,5e-05
efficientnetb0_stanfordcars,EfficientNet-B0 + Stanford Cars,1,5e-05,37,features.4.2.block.2.fc1,f.4.2.b.2.fc1,ouidecay,OUIDecay,3.396045936074104e-05
efficientnetb0_stanfordcars,EfficientNet-B0 + Stanford Cars,1,5e-05,38,features.4.2.block.2.fc2,f.4.2.b.2.fc2,uniform,WD fijo,5e-05
efficientnetb0_stanfordcars,EfficientNet-B0 + Stanford Cars,1,5e-05,38,features.4.2.block.2.fc2,f.4.2.b.2.fc2,adadecayg,AdaDecayG,5e-05
efficientnetb0_stanfordcars,EfficientNet-B0 + Stanford Cars,1,5e-05,38,features.4.2.block.2.fc2,f.4.2.b.2.fc2,ouidecay,OUIDecay,4.65186362414906e-05
efficientnetb0_stanfordcars,EfficientNet-B0 + Stanford Cars,1,5e-05,39,features.4.2.block.3.0,f.4.2.b.3.0,uniform,WD fijo,5e-05
efficientnetb0_stanfordcars,EfficientNet-B0 + Stanford Cars,1,5e-05,39,features.4.2.block.3.0,f.4.2.b.3.0,adadecayg,AdaDecayG,5e-05
efficientnetb0_stanfordcars,EfficientNet-B0 + Stanford Cars,1,5e-05,39,features.4.2.block.3.0,f.4.2.b.3.0,ouidecay,OUIDecay,0.0002070777436008336
efficientnetb0_stanfordcars,EfficientNet-B0 + Stanford Cars,1,5e-05,40,features.5.0.block.0.0,f.5.0.b.0.0,uniform,WD fijo,5e-05
efficientnetb0_stanfordcars,EfficientNet-B0 + Stanford Cars,1,5e-05,40,features.5.0.block.0.0,f.5.0.b.0.0,adadecayg,AdaDecayG,5e-05
efficientnetb0_stanfordcars,EfficientNet-B0 + Stanford Cars,1,5e-05,40,features.5.0.block.0.0,f.5.0.b.0.0,ouidecay,OUIDecay,0.000246084931181855
efficientnetb0_stanfordcars,EfficientNet-B0 + Stanford Cars,1,5e-05,41,features.5.0.block.1.0,f.5.0.b.1.0,uniform,WD fijo,5e-05
efficientnetb0_stanfordcars,EfficientNet-B0 + Stanford Cars,1,5e-05,41,features.5.0.block.1.0,f.5.0.b.1.0,adadecayg,AdaDecayG,5e-05
efficientnetb0_stanfordcars,EfficientNet-B0 + Stanford Cars,1,5e-05,41,features.5.0.block.1.0,f.5.0.b.1.0,ouidecay,OUIDecay,0.00020937322717900662
efficientnetb0_stanfordcars,EfficientNet-B0 + Stanford Cars,1,5e-05,42,features.5.0.block.2.fc1,f.5.0.b.2.fc1,uniform,WD fijo,5e-05
efficientnetb0_stanfordcars,EfficientNet-B0 + Stanford Cars,1,5e-05,42,features.5.0.block.2.fc1,f.5.0.b.2.fc1,adadecayg,AdaDecayG,5e-05
efficientnetb0_stanfordcars,EfficientNet-B0 + Stanford Cars,1,5e-05,42,features.5.0.block.2.fc1,f.5.0.b.2.fc1,ouidecay,OUIDecay,6.640321176698097e-05
efficientnetb0_stanfordcars,EfficientNet-B0 + Stanford Cars,1,5e-05,43,features.5.0.block.2.fc2,f.5.0.b.2.fc2,uniform,WD fijo,5e-05
efficientnetb0_stanfordcars,EfficientNet-B0 + Stanford Cars,1,5e-05,43,features.5.0.block.2.fc2,f.5.0.b.2.fc2,adadecayg,AdaDecayG,5e-05
efficientnetb0_stanfordcars,EfficientNet-B0 + Stanford Cars,1,5e-05,43,features.5.0.block.2.fc2,f.5.0.b.2.fc2,ouidecay,OUIDecay,6.266668493866605e-05
efficientnetb0_stanfordcars,EfficientNet-B0 + Stanford Cars,1,5e-05,44,features.5.0.block.3.0,f.5.0.b.3.0,uniform,WD fijo,5e-05
efficientnetb0_stanfordcars,EfficientNet-B0 + Stanford Cars,1,5e-05,44,features.5.0.block.3.0,f.5.0.b.3.0,adadecayg,AdaDecayG,5e-05
efficientnetb0_stanfordcars,EfficientNet-B0 + Stanford Cars,1,5e-05,44,features.5.0.block.3.0,f.5.0.b.3.0,ouidecay,OUIDecay,0.00019568780367104055
efficientnetb0_stanfordcars,EfficientNet-B0 + Stanford Cars,1,5e-05,45,features.5.1.block.0.0,f.5.1.b.0.0,uniform,WD fijo,5e-05
efficientnetb0_stanfordcars,EfficientNet-B0 + Stanford Cars,1,5e-05,45,features.5.1.block.0.0,f.5.1.b.0.0,adadecayg,AdaDecayG,5e-05
efficientnetb0_stanfordcars,EfficientNet-B0 + Stanford Cars,1,5e-05,45,features.5.1.block.0.0,f.5.1.b.0.0,ouidecay,OUIDecay,0.0002453161204525721
efficientnetb0_stanfordcars,EfficientNet-B0 + Stanford Cars,1,5e-05,46,features.5.1.block.1.0,f.5.1.b.1.0,uniform,WD fijo,5e-05
efficientnetb0_stanfordcars,EfficientNet-B0 + Stanford Cars,1,5e-05,46,features.5.1.block.1.0,f.5.1.b.1.0,adadecayg,AdaDecayG,5e-05
efficientnetb0_stanfordcars,EfficientNet-B0 + Stanford Cars,1,5e-05,46,features.5.1.block.1.0,f.5.1.b.1.0,ouidecay,OUIDecay,0.00017385798642424426
efficientnetb0_stanfordcars,EfficientNet-B0 + Stanford Cars,1,5e-05,47,features.5.1.block.2.fc1,f.5.1.b.2.fc1,uniform,WD fijo,5e-05
efficientnetb0_stanfordcars,EfficientNet-B0 + Stanford Cars,1,5e-05,47,features.5.1.block.2.fc1,f.5.1.b.2.fc1,adadecayg,AdaDecayG,5e-05
efficientnetb0_stanfordcars,EfficientNet-B0 + Stanford Cars,1,5e-05,47,features.5.1.block.2.fc1,f.5.1.b.2.fc1,ouidecay,OUIDecay,3.951332953401169e-05
efficientnetb0_stanfordcars,EfficientNet-B0 + Stanford Cars,1,5e-05,48,features.5.1.block.2.fc2,f.5.1.b.2.fc2,uniform,WD fijo,5e-05
efficientnetb0_stanfordcars,EfficientNet-B0 + Stanford Cars,1,5e-05,48,features.5.1.block.2.fc2,f.5.1.b.2.fc2,adadecayg,AdaDecayG,5e-05
efficientnetb0_stanfordcars,EfficientNet-B0 + Stanford Cars,1,5e-05,48,features.5.1.block.2.fc2,f.5.1.b.2.fc2,ouidecay,OUIDecay,3.499296890173913e-05
efficientnetb0_stanfordcars,EfficientNet-B0 + Stanford Cars,1,5e-05,49,features.5.1.block.3.0,f.5.1.b.3.0,uniform,WD fijo,5e-05
efficientnetb0_stanfordcars,EfficientNet-B0 + Stanford Cars,1,5e-05,49,features.5.1.block.3.0,f.5.1.b.3.0,adadecayg,AdaDecayG,5e-05
efficientnetb0_stanfordcars,EfficientNet-B0 + Stanford Cars,1,5e-05,49,features.5.1.block.3.0,f.5.1.b.3.0,ouidecay,OUIDecay,0.0001287773589969628
efficientnetb0_stanfordcars,EfficientNet-B0 + Stanford Cars,1,5e-05,50,features.5.2.block.0.0,f.5.2.b.0.0,uniform,WD fijo,5e-05
efficientnetb0_stanfordcars,EfficientNet-B0 + Stanford Cars,1,5e-05,50,features.5.2.block.0.0,f.5.2.b.0.0,adadecayg,AdaDecayG,5e-05
efficientnetb0_stanfordcars,EfficientNet-B0 + Stanford Cars,1,5e-05,50,features.5.2.block.0.0,f.5.2.b.0.0,ouidecay,OUIDecay,0.00022247293071725514
efficientnetb0_stanfordcars,EfficientNet-B0 + Stanford Cars,1,5e-05,51,features.5.2.block.1.0,f.5.2.b.1.0,uniform,WD fijo,5e-05
efficientnetb0_stanfordcars,EfficientNet-B0 + Stanford Cars,1,5e-05,51,features.5.2.block.1.0,f.5.2.b.1.0,adadecayg,AdaDecayG,5e-05
efficientnetb0_stanfordcars,EfficientNet-B0 + Stanford Cars,1,5e-05,51,features.5.2.block.1.0,f.5.2.b.1.0,ouidecay,OUIDecay,0.00011343090209609344
efficientnetb0_stanfordcars,EfficientNet-B0 + Stanford Cars,1,5e-05,52,features.5.2.block.2.fc1,f.5.2.b.2.fc1,uniform,WD fijo,5e-05
efficientnetb0_stanfordcars,EfficientNet-B0 + Stanford Cars,1,5e-05,52,features.5.2.block.2.fc1,f.5.2.b.2.fc1,adadecayg,AdaDecayG,5e-05
efficientnetb0_stanfordcars,EfficientNet-B0 + Stanford Cars,1,5e-05,52,features.5.2.block.2.fc1,f.5.2.b.2.fc1,ouidecay,OUIDecay,3.869351617254721e-05
efficientnetb0_stanfordcars,EfficientNet-B0 + Stanford Cars,1,5e-05,53,features.5.2.block.2.fc2,f.5.2.b.2.fc2,uniform,WD fijo,5e-05
efficientnetb0_stanfordcars,EfficientNet-B0 + Stanford Cars,1,5e-05,53,features.5.2.block.2.fc2,f.5.2.b.2.fc2,adadecayg,AdaDecayG,5e-05
efficientnetb0_stanfordcars,EfficientNet-B0 + Stanford Cars,1,5e-05,53,features.5.2.block.2.fc2,f.5.2.b.2.fc2,ouidecay,OUIDecay,3.575357362380714e-05
efficientnetb0_stanfordcars,EfficientNet-B0 + Stanford Cars,1,5e-05,54,features.5.2.block.3.0,f.5.2.b.3.0,uniform,WD fijo,5e-05
efficientnetb0_stanfordcars,EfficientNet-B0 + Stanford Cars,1,5e-05,54,features.5.2.block.3.0,f.5.2.b.3.0,adadecayg,AdaDecayG,5e-05
efficientnetb0_stanfordcars,EfficientNet-B0 + Stanford Cars,1,5e-05,54,features.5.2.block.3.0,f.5.2.b.3.0,ouidecay,OUIDecay,7.152704762489679e-05
efficientnetb0_stanfordcars,EfficientNet-B0 + Stanford Cars,1,5e-05,55,features.6.0.block.0.0,f.6.0.b.0.0,uniform,WD fijo,5e-05
efficientnetb0_stanfordcars,EfficientNet-B0 + Stanford Cars,1,5e-05,55,features.6.0.block.0.0,f.6.0.b.0.0,adadecayg,AdaDecayG,5e-05
efficientnetb0_stanfordcars,EfficientNet-B0 + Stanford Cars,1,5e-05,55,features.6.0.block.0.0,f.6.0.b.0.0,ouidecay,OUIDecay,0.00024043140014299596
efficientnetb0_stanfordcars,EfficientNet-B0 + Stanford Cars,1,5e-05,56,features.6.0.block.1.0,f.6.0.b.1.0,uniform,WD fijo,5e-05
efficientnetb0_stanfordcars,EfficientNet-B0 + Stanford Cars,1,5e-05,56,features.6.0.block.1.0,f.6.0.b.1.0,adadecayg,AdaDecayG,5e-05
efficientnetb0_stanfordcars,EfficientNet-B0 + Stanford Cars,1,5e-05,56,features.6.0.block.1.0,f.6.0.b.1.0,ouidecay,OUIDecay,0.00016751809635594768
efficientnetb0_stanfordcars,EfficientNet-B0 + Stanford Cars,1,5e-05,57,features.6.0.block.2.fc1,f.6.0.b.2.fc1,uniform,WD fijo,5e-05
efficientnetb0_stanfordcars,EfficientNet-B0 + Stanford Cars,1,5e-05,57,features.6.0.block.2.fc1,f.6.0.b.2.fc1,adadecayg,AdaDecayG,5e-05
efficientnetb0_stanfordcars,EfficientNet-B0 + Stanford Cars,1,5e-05,57,features.6.0.block.2.fc1,f.6.0.b.2.fc1,ouidecay,OUIDecay,9.957833205153018e-05
efficientnetb0_stanfordcars,EfficientNet-B0 + Stanford Cars,1,5e-05,58,features.6.0.block.2.fc2,f.6.0.b.2.fc2,uniform,WD fijo,5e-05
efficientnetb0_stanfordcars,EfficientNet-B0 + Stanford Cars,1,5e-05,58,features.6.0.block.2.fc2,f.6.0.b.2.fc2,adadecayg,AdaDecayG,5e-05
efficientnetb0_stanfordcars,EfficientNet-B0 + Stanford Cars,1,5e-05,58,features.6.0.block.2.fc2,f.6.0.b.2.fc2,ouidecay,OUIDecay,4.846296016662085e-05
efficientnetb0_stanfordcars,EfficientNet-B0 + Stanford Cars,1,5e-05,59,features.6.0.block.3.0,f.6.0.b.3.0,uniform,WD fijo,5e-05
efficientnetb0_stanfordcars,EfficientNet-B0 + Stanford Cars,1,5e-05,59,features.6.0.block.3.0,f.6.0.b.3.0,adadecayg,AdaDecayG,5e-05
efficientnetb0_stanfordcars,EfficientNet-B0 + Stanford Cars,1,5e-05,59,features.6.0.block.3.0,f.6.0.b.3.0,ouidecay,OUIDecay,0.0002125486304643129
efficientnetb0_stanfordcars,EfficientNet-B0 + Stanford Cars,1,5e-05,60,features.6.1.block.0.0,f.6.1.b.0.0,uniform,WD fijo,5e-05
efficientnetb0_stanfordcars,EfficientNet-B0 + Stanford Cars,1,5e-05,60,features.6.1.block.0.0,f.6.1.b.0.0,adadecayg,AdaDecayG,5e-05
efficientnetb0_stanfordcars,EfficientNet-B0 + Stanford Cars,1,5e-05,60,features.6.1.block.0.0,f.6.1.b.0.0,ouidecay,OUIDecay,0.00024356281926429167
efficientnetb0_stanfordcars,EfficientNet-B0 + Stanford Cars,1,5e-05,61,features.6.1.block.1.0,f.6.1.b.1.0,uniform,WD fijo,5e-05
efficientnetb0_stanfordcars,EfficientNet-B0 + Stanford Cars,1,5e-05,61,features.6.1.block.1.0,f.6.1.b.1.0,adadecayg,AdaDecayG,5e-05
efficientnetb0_stanfordcars,EfficientNet-B0 + Stanford Cars,1,5e-05,61,features.6.1.block.1.0,f.6.1.b.1.0,ouidecay,OUIDecay,0.00021595199016616294
efficientnetb0_stanfordcars,EfficientNet-B0 + Stanford Cars,1,5e-05,62,features.6.1.block.2.fc1,f.6.1.b.2.fc1,uniform,WD fijo,5e-05
efficientnetb0_stanfordcars,EfficientNet-B0 + Stanford Cars,1,5e-05,62,features.6.1.block.2.fc1,f.6.1.b.2.fc1,adadecayg,AdaDecayG,5e-05
efficientnetb0_stanfordcars,EfficientNet-B0 + Stanford Cars,1,5e-05,62,features.6.1.block.2.fc1,f.6.1.b.2.fc1,ouidecay,OUIDecay,3.4266523081133895e-05
efficientnetb0_stanfordcars,EfficientNet-B0 + Stanford Cars,1,5e-05,63,features.6.1.block.2.fc2,f.6.1.b.2.fc2,uniform,WD fijo,5e-05
efficientnetb0_stanfordcars,EfficientNet-B0 + Stanford Cars,1,5e-05,63,features.6.1.block.2.fc2,f.6.1.b.2.fc2,adadecayg,AdaDecayG,5e-05
efficientnetb0_stanfordcars,EfficientNet-B0 + Stanford Cars,1,5e-05,63,features.6.1.block.2.fc2,f.6.1.b.2.fc2,ouidecay,OUIDecay,3.333e-05
efficientnetb0_stanfordcars,EfficientNet-B0 + Stanford Cars,1,5e-05,64,features.6.1.block.3.0,f.6.1.b.3.0,uniform,WD fijo,5e-05
efficientnetb0_stanfordcars,EfficientNet-B0 + Stanford Cars,1,5e-05,64,features.6.1.block.3.0,f.6.1.b.3.0,adadecayg,AdaDecayG,5e-05
efficientnetb0_stanfordcars,EfficientNet-B0 + Stanford Cars,1,5e-05,64,features.6.1.block.3.0,f.6.1.b.3.0,ouidecay,OUIDecay,0.00018976122872599202
efficientnetb0_stanfordcars,EfficientNet-B0 + Stanford Cars,1,5e-05,65,features.6.2.block.0.0,f.6.2.b.0.0,uniform,WD fijo,5e-05
efficientnetb0_stanfordcars,EfficientNet-B0 + Stanford Cars,1,5e-05,65,features.6.2.block.0.0,f.6.2.b.0.0,adadecayg,AdaDecayG,5e-05
efficientnetb0_stanfordcars,EfficientNet-B0 + Stanford Cars,1,5e-05,65,features.6.2.block.0.0,f.6.2.b.0.0,ouidecay,OUIDecay,0.00022599869534988676
efficientnetb0_stanfordcars,EfficientNet-B0 + Stanford Cars,1,5e-05,66,features.6.2.block.1.0,f.6.2.b.1.0,uniform,WD fijo,5e-05
efficientnetb0_stanfordcars,EfficientNet-B0 + Stanford Cars,1,5e-05,66,features.6.2.block.1.0,f.6.2.b.1.0,adadecayg,AdaDecayG,5e-05
efficientnetb0_stanfordcars,EfficientNet-B0 + Stanford Cars,1,5e-05,66,features.6.2.block.1.0,f.6.2.b.1.0,ouidecay,OUIDecay,0.00017490970385686255
efficientnetb0_stanfordcars,EfficientNet-B0 + Stanford Cars,1,5e-05,67,features.6.2.block.2.fc1,f.6.2.b.2.fc1,uniform,WD fijo,5e-05
efficientnetb0_stanfordcars,EfficientNet-B0 + Stanford Cars,1,5e-05,67,features.6.2.block.2.fc1,f.6.2.b.2.fc1,adadecayg,AdaDecayG,5e-05
efficientnetb0_stanfordcars,EfficientNet-B0 + Stanford Cars,1,5e-05,67,features.6.2.block.2.fc1,f.6.2.b.2.fc1,ouidecay,OUIDecay,3.382018016244955e-05
efficientnetb0_stanfordcars,EfficientNet-B0 + Stanford Cars,1,5e-05,68,features.6.2.block.2.fc2,f.6.2.b.2.fc2,uniform,WD fijo,5e-05
efficientnetb0_stanfordcars,EfficientNet-B0 + Stanford Cars,1,5e-05,68,features.6.2.block.2.fc2,f.6.2.b.2.fc2,adadecayg,AdaDecayG,5e-05
efficientnetb0_stanfordcars,EfficientNet-B0 + Stanford Cars,1,5e-05,68,features.6.2.block.2.fc2,f.6.2.b.2.fc2,ouidecay,OUIDecay,3.467434232741174e-05
efficientnetb0_stanfordcars,EfficientNet-B0 + Stanford Cars,1,5e-05,69,features.6.2.block.3.0,f.6.2.b.3.0,uniform,WD fijo,5e-05
efficientnetb0_stanfordcars,EfficientNet-B0 + Stanford Cars,1,5e-05,69,features.6.2.block.3.0,f.6.2.b.3.0,adadecayg,AdaDecayG,5e-05
efficientnetb0_stanfordcars,EfficientNet-B0 + Stanford Cars,1,5e-05,69,features.6.2.block.3.0,f.6.2.b.3.0,ouidecay,OUIDecay,0.00016379363970576167
efficientnetb0_stanfordcars,EfficientNet-B0 + Stanford Cars,1,5e-05,70,features.6.3.block.0.0,f.6.3.b.0.0,uniform,WD fijo,5e-05
efficientnetb0_stanfordcars,EfficientNet-B0 + Stanford Cars,1,5e-05,70,features.6.3.block.0.0,f.6.3.b.0.0,adadecayg,AdaDecayG,5e-05
efficientnetb0_stanfordcars,EfficientNet-B0 + Stanford Cars,1,5e-05,70,features.6.3.block.0.0,f.6.3.b.0.0,ouidecay,OUIDecay,0.0002182833376651799
efficientnetb0_stanfordcars,EfficientNet-B0 + Stanford Cars,1,5e-05,71,features.6.3.block.1.0,f.6.3.b.1.0,uniform,WD fijo,5e-05
efficientnetb0_stanfordcars,EfficientNet-B0 + Stanford Cars,1,5e-05,71,features.6.3.block.1.0,f.6.3.b.1.0,adadecayg,AdaDecayG,5e-05
efficientnetb0_stanfordcars,EfficientNet-B0 + Stanford Cars,1,5e-05,71,features.6.3.block.1.0,f.6.3.b.1.0,ouidecay,OUIDecay,0.00016623125380900813
efficientnetb0_stanfordcars,EfficientNet-B0 + Stanford Cars,1,5e-05,72,features.6.3.block.2.fc1,f.6.3.b.2.fc1,uniform,WD fijo,5e-05
efficientnetb0_stanfordcars,EfficientNet-B0 + Stanford Cars,1,5e-05,72,features.6.3.block.2.fc1,f.6.3.b.2.fc1,adadecayg,AdaDecayG,5e-05
efficientnetb0_stanfordcars,EfficientNet-B0 + Stanford Cars,1,5e-05,72,features.6.3.block.2.fc1,f.6.3.b.2.fc1,ouidecay,OUIDecay,3.4075233223820906e-05
efficientnetb0_stanfordcars,EfficientNet-B0 + Stanford Cars,1,5e-05,73,features.6.3.block.2.fc2,f.6.3.b.2.fc2,uniform,WD fijo,5e-05
efficientnetb0_stanfordcars,EfficientNet-B0 + Stanford Cars,1,5e-05,73,features.6.3.block.2.fc2,f.6.3.b.2.fc2,adadecayg,AdaDecayG,5e-05
efficientnetb0_stanfordcars,EfficientNet-B0 + Stanford Cars,1,5e-05,73,features.6.3.block.2.fc2,f.6.3.b.2.fc2,ouidecay,OUIDecay,3.461190742284113e-05
efficientnetb0_stanfordcars,EfficientNet-B0 + Stanford Cars,1,5e-05,74,features.6.3.block.3.0,f.6.3.b.3.0,uniform,WD fijo,5e-05
efficientnetb0_stanfordcars,EfficientNet-B0 + Stanford Cars,1,5e-05,74,features.6.3.block.3.0,f.6.3.b.3.0,adadecayg,AdaDecayG,5e-05
efficientnetb0_stanfordcars,EfficientNet-B0 + Stanford Cars,1,5e-05,74,features.6.3.block.3.0,f.6.3.b.3.0,ouidecay,OUIDecay,0.00016528410858767954
efficientnetb0_stanfordcars,EfficientNet-B0 + Stanford Cars,1,5e-05,75,features.7.0.block.0.0,f.7.0.b.0.0,uniform,WD fijo,5e-05
efficientnetb0_stanfordcars,EfficientNet-B0 + Stanford Cars,1,5e-05,75,features.7.0.block.0.0,f.7.0.b.0.0,adadecayg,AdaDecayG,5e-05
efficientnetb0_stanfordcars,EfficientNet-B0 + Stanford Cars,1,5e-05,75,features.7.0.block.0.0,f.7.0.b.0.0,ouidecay,OUIDecay,0.00023598827278405754
efficientnetb0_stanfordcars,EfficientNet-B0 + Stanford Cars,1,5e-05,76,features.7.0.block.1.0,f.7.0.b.1.0,uniform,WD fijo,5e-05
efficientnetb0_stanfordcars,EfficientNet-B0 + Stanford Cars,1,5e-05,76,features.7.0.block.1.0,f.7.0.b.1.0,adadecayg,AdaDecayG,5e-05
efficientnetb0_stanfordcars,EfficientNet-B0 + Stanford Cars,1,5e-05,76,features.7.0.block.1.0,f.7.0.b.1.0,ouidecay,OUIDecay,0.00016947255307193086
efficientnetb0_stanfordcars,EfficientNet-B0 + Stanford Cars,1,5e-05,77,features.7.0.block.2.fc1,f.7.0.b.2.fc1,uniform,WD fijo,5e-05
efficientnetb0_stanfordcars,EfficientNet-B0 + Stanford Cars,1,5e-05,77,features.7.0.block.2.fc1,f.7.0.b.2.fc1,adadecayg,AdaDecayG,5e-05
efficientnetb0_stanfordcars,EfficientNet-B0 + Stanford Cars,1,5e-05,77,features.7.0.block.2.fc1,f.7.0.b.2.fc1,ouidecay,OUIDecay,9.018691181070484e-05
efficientnetb0_stanfordcars,EfficientNet-B0 + Stanford Cars,1,5e-05,78,features.7.0.block.2.fc2,f.7.0.b.2.fc2,uniform,WD fijo,5e-05
efficientnetb0_stanfordcars,EfficientNet-B0 + Stanford Cars,1,5e-05,78,features.7.0.block.2.fc2,f.7.0.b.2.fc2,adadecayg,AdaDecayG,5e-05
efficientnetb0_stanfordcars,EfficientNet-B0 + Stanford Cars,1,5e-05,78,features.7.0.block.2.fc2,f.7.0.b.2.fc2,ouidecay,OUIDecay,4.162586720059457e-05
efficientnetb0_stanfordcars,EfficientNet-B0 + Stanford Cars,1,5e-05,79,features.7.0.block.3.0,f.7.0.b.3.0,uniform,WD fijo,5e-05
efficientnetb0_stanfordcars,EfficientNet-B0 + Stanford Cars,1,5e-05,79,features.7.0.block.3.0,f.7.0.b.3.0,adadecayg,AdaDecayG,5e-05
efficientnetb0_stanfordcars,EfficientNet-B0 + Stanford Cars,1,5e-05,79,features.7.0.block.3.0,f.7.0.b.3.0,ouidecay,OUIDecay,0.00021292164501336935
efficientnetb0_stanfordcars,EfficientNet-B0 + Stanford Cars,1,5e-05,80,features.8.0,f.8.0,uniform,WD fijo,5e-05
efficientnetb0_stanfordcars,EfficientNet-B0 + Stanford Cars,1,5e-05,80,features.8.0,f.8.0,adadecayg,AdaDecayG,5e-05
efficientnetb0_stanfordcars,EfficientNet-B0 + Stanford Cars,1,5e-05,80,features.8.0,f.8.0,ouidecay,OUIDecay,0.0002496923302360838
resnet50_food101,ResNet50 + Food101,1,0.05,1,layer1.0.conv1,L1.0.c1,uniform,WD fijo,0.05
resnet50_food101,ResNet50 + Food101,1,0.05,1,layer1.0.conv1,L1.0.c1,adadecay,AdaDecay,0.05
resnet50_food101,ResNet50 + Food101,1,0.05,1,layer1.0.conv1,L1.0.c1,ouidecay,OUIDecay,0.16528566994062932
resnet50_food101,ResNet50 + Food101,1,0.05,2,layer1.0.conv2,L1.0.c2,uniform,WD fijo,0.05
resnet50_food101,ResNet50 + Food101,1,0.05,2,layer1.0.conv2,L1.0.c2,adadecay,AdaDecay,0.05
resnet50_food101,ResNet50 + Food101,1,0.05,2,layer1.0.conv2,L1.0.c2,ouidecay,OUIDecay,0.20845403622451558
resnet50_food101,ResNet50 + Food101,1,0.05,3,layer1.0.conv3,L1.0.c3,uniform,WD fijo,0.05
resnet50_food101,ResNet50 + Food101,1,0.05,3,layer1.0.conv3,L1.0.c3,adadecay,AdaDecay,0.05
resnet50_food101,ResNet50 + Food101,1,0.05,3,layer1.0.conv3,L1.0.c3,ouidecay,OUIDecay,0.2125449733030089
resnet50_food101,ResNet50 + Food101,1,0.05,4,layer1.0.downsample.0,L1.0.ds.0,uniform,WD fijo,0.05
resnet50_food101,ResNet50 + Food101,1,0.05,4,layer1.0.downsample.0,L1.0.ds.0,adadecay,AdaDecay,0.05
resnet50_food101,ResNet50 + Food101,1,0.05,4,layer1.0.downsample.0,L1.0.ds.0,ouidecay,OUIDecay,0.15775435455807632
resnet50_food101,ResNet50 + Food101,1,0.05,5,layer1.1.conv1,L1.1.c1,uniform,WD fijo,0.05
resnet50_food101,ResNet50 + Food101,1,0.05,5,layer1.1.conv1,L1.1.c1,adadecay,AdaDecay,0.05
resnet50_food101,ResNet50 + Food101,1,0.05,5,layer1.1.conv1,L1.1.c1,ouidecay,OUIDecay,0.19020646127537286
resnet50_food101,ResNet50 + Food101,1,0.05,6,layer1.1.conv2,L1.1.c2,uniform,WD fijo,0.05
resnet50_food101,ResNet50 + Food101,1,0.05,6,layer1.1.conv2,L1.1.c2,adadecay,AdaDecay,0.05
resnet50_food101,ResNet50 + Food101,1,0.05,6,layer1.1.conv2,L1.1.c2,ouidecay,OUIDecay,0.2092682324820889
resnet50_food101,ResNet50 + Food101,1,0.05,7,layer1.1.conv3,L1.1.c3,uniform,WD fijo,0.05
resnet50_food101,ResNet50 + Food101,1,0.05,7,layer1.1.conv3,L1.1.c3,adadecay,AdaDecay,0.05
resnet50_food101,ResNet50 + Food101,1,0.05,7,layer1.1.conv3,L1.1.c3,ouidecay,OUIDecay,0.21443279109630387
resnet50_food101,ResNet50 + Food101,1,0.05,8,layer1.2.conv1,L1.2.c1,uniform,WD fijo,0.05
resnet50_food101,ResNet50 + Food101,1,0.05,8,layer1.2.conv1,L1.2.c1,adadecay,AdaDecay,0.05
resnet50_food101,ResNet50 + Food101,1,0.05,8,layer1.2.conv1,L1.2.c1,ouidecay,OUIDecay,0.186598454330048
resnet50_food101,ResNet50 + Food101,1,0.05,9,layer1.2.conv2,L1.2.c2,uniform,WD fijo,0.05
resnet50_food101,ResNet50 + Food101,1,0.05,9,layer1.2.conv2,L1.2.c2,adadecay,AdaDecay,0.05
resnet50_food101,ResNet50 + Food101,1,0.05,9,layer1.2.conv2,L1.2.c2,ouidecay,OUIDecay,0.2197729606680346
resnet50_food101,ResNet50 + Food101,1,0.05,10,layer1.2.conv3,L1.2.c3,uniform,WD fijo,0.05
resnet50_food101,ResNet50 + Food101,1,0.05,10,layer1.2.conv3,L1.2.c3,adadecay,AdaDecay,0.05
resnet50_food101,ResNet50 + Food101,1,0.05,10,layer1.2.conv3,L1.2.c3,ouidecay,OUIDecay,0.2088371874045501
resnet50_food101,ResNet50 + Food101,1,0.05,11,layer2.0.conv1,L2.0.c1,uniform,WD fijo,0.05
resnet50_food101,ResNet50 + Food101,1,0.05,11,layer2.0.conv1,L2.0.c1,adadecay,AdaDecay,0.05
resnet50_food101,ResNet50 + Food101,1,0.05,11,layer2.0.conv1,L2.0.c1,ouidecay,OUIDecay,0.17599793834909372
resnet50_food101,ResNet50 + Food101,1,0.05,12,layer2.0.conv2,L2.0.c2,uniform,WD fijo,0.05
resnet50_food101,ResNet50 + Food101,1,0.05,12,layer2.0.conv2,L2.0.c2,adadecay,AdaDecay,0.05
resnet50_food101,ResNet50 + Food101,1,0.05,12,layer2.0.conv2,L2.0.c2,ouidecay,OUIDecay,0.18918472479528084
resnet50_food101,ResNet50 + Food101,1,0.05,13,layer2.0.conv3,L2.0.c3,uniform,WD fijo,0.05
resnet50_food101,ResNet50 + Food101,1,0.05,13,layer2.0.conv3,L2.0.c3,adadecay,AdaDecay,0.05
resnet50_food101,ResNet50 + Food101,1,0.05,13,layer2.0.conv3,L2.0.c3,ouidecay,OUIDecay,0.22196610205791953
resnet50_food101,ResNet50 + Food101,1,0.05,14,layer2.0.downsample.0,L2.0.ds.0,uniform,WD fijo,0.05
resnet50_food101,ResNet50 + Food101,1,0.05,14,layer2.0.downsample.0,L2.0.ds.0,adadecay,AdaDecay,0.05
resnet50_food101,ResNet50 + Food101,1,0.05,14,layer2.0.downsample.0,L2.0.ds.0,ouidecay,OUIDecay,0.18867585213429752
resnet50_food101,ResNet50 + Food101,1,0.05,15,layer2.1.conv1,L2.1.c1,uniform,WD fijo,0.05
resnet50_food101,ResNet50 + Food101,1,0.05,15,layer2.1.conv1,L2.1.c1,adadecay,AdaDecay,0.05
resnet50_food101,ResNet50 + Food101,1,0.05,15,layer2.1.conv1,L2.1.c1,ouidecay,OUIDecay,0.23172248809536033
resnet50_food101,ResNet50 + Food101,1,0.05,16,layer2.1.conv2,L2.1.c2,uniform,WD fijo,0.05
resnet50_food101,ResNet50 + Food101,1,0.05,16,layer2.1.conv2,L2.1.c2,adadecay,AdaDecay,0.05
resnet50_food101,ResNet50 + Food101,1,0.05,16,layer2.1.conv2,L2.1.c2,ouidecay,OUIDecay,0.17635714258037605
resnet50_food101,ResNet50 + Food101,1,0.05,17,layer2.1.conv3,L2.1.c3,uniform,WD fijo,0.05
resnet50_food101,ResNet50 + Food101,1,0.05,17,layer2.1.conv3,L2.1.c3,adadecay,AdaDecay,0.05
resnet50_food101,ResNet50 + Food101,1,0.05,17,layer2.1.conv3,L2.1.c3,ouidecay,OUIDecay,0.21904058315203115
resnet50_food101,ResNet50 + Food101,1,0.05,18,layer2.2.conv1,L2.2.c1,uniform,WD fijo,0.05
resnet50_food101,ResNet50 + Food101,1,0.05,18,layer2.2.conv1,L2.2.c1,adadecay,AdaDecay,0.05
resnet50_food101,ResNet50 + Food101,1,0.05,18,layer2.2.conv1,L2.2.c1,ouidecay,OUIDecay,0.2191423576842278
resnet50_food101,ResNet50 + Food101,1,0.05,19,layer2.2.conv2,L2.2.c2,uniform,WD fijo,0.05
resnet50_food101,ResNet50 + Food101,1,0.05,19,layer2.2.conv2,L2.2.c2,adadecay,AdaDecay,0.05
resnet50_food101,ResNet50 + Food101,1,0.05,19,layer2.2.conv2,L2.2.c2,ouidecay,OUIDecay,0.1933993877756603
resnet50_food101,ResNet50 + Food101,1,0.05,20,layer2.2.conv3,L2.2.c3,uniform,WD fijo,0.05
resnet50_food101,ResNet50 + Food101,1,0.05,20,layer2.2.conv3,L2.2.c3,adadecay,AdaDecay,0.05
resnet50_food101,ResNet50 + Food101,1,0.05,20,layer2.2.conv3,L2.2.c3,ouidecay,OUIDecay,0.20888907246017974
resnet50_food101,ResNet50 + Food101,1,0.05,21,layer2.3.conv1,L2.3.c1,uniform,WD fijo,0.05
resnet50_food101,ResNet50 + Food101,1,0.05,21,layer2.3.conv1,L2.3.c1,adadecay,AdaDecay,0.05
resnet50_food101,ResNet50 + Food101,1,0.05,21,layer2.3.conv1,L2.3.c1,ouidecay,OUIDecay,0.21116004143350922
resnet50_food101,ResNet50 + Food101,1,0.05,22,layer2.3.conv2,L2.3.c2,uniform,WD fijo,0.05
resnet50_food101,ResNet50 + Food101,1,0.05,22,layer2.3.conv2,L2.3.c2,adadecay,AdaDecay,0.05
resnet50_food101,ResNet50 + Food101,1,0.05,22,layer2.3.conv2,L2.3.c2,ouidecay,OUIDecay,0.16451138526430964
resnet50_food101,ResNet50 + Food101,1,0.05,23,layer2.3.conv3,L2.3.c3,uniform,WD fijo,0.05
resnet50_food101,ResNet50 + Food101,1,0.05,23,layer2.3.conv3,L2.3.c3,adadecay,AdaDecay,0.05
resnet50_food101,ResNet50 + Food101,1,0.05,23,layer2.3.conv3,L2.3.c3,ouidecay,OUIDecay,0.19377854779756942
resnet50_food101,ResNet50 + Food101,1,0.05,24,layer3.0.conv1,L3.0.c1,uniform,WD fijo,0.05
resnet50_food101,ResNet50 + Food101,1,0.05,24,layer3.0.conv1,L3.0.c1,adadecay,AdaDecay,0.05
resnet50_food101,ResNet50 + Food101,1,0.05,24,layer3.0.conv1,L3.0.c1,ouidecay,OUIDecay,0.19788544950856413
resnet50_food101,ResNet50 + Food101,1,0.05,25,layer3.0.conv2,L3.0.c2,uniform,WD fijo,0.05
resnet50_food101,ResNet50 + Food101,1,0.05,25,layer3.0.conv2,L3.0.c2,adadecay,AdaDecay,0.05
resnet50_food101,ResNet50 + Food101,1,0.05,25,layer3.0.conv2,L3.0.c2,ouidecay,OUIDecay,0.20227173228833403
resnet50_food101,ResNet50 + Food101,1,0.05,26,layer3.0.conv3,L3.0.c3,uniform,WD fijo,0.05
resnet50_food101,ResNet50 + Food101,1,0.05,26,layer3.0.conv3,L3.0.c3,adadecay,AdaDecay,0.05
resnet50_food101,ResNet50 + Food101,1,0.05,26,layer3.0.conv3,L3.0.c3,ouidecay,OUIDecay,0.202374504610062
resnet50_food101,ResNet50 + Food101,1,0.05,27,layer3.0.downsample.0,L3.0.ds.0,uniform,WD fijo,0.05
resnet50_food101,ResNet50 + Food101,1,0.05,27,layer3.0.downsample.0,L3.0.ds.0,adadecay,AdaDecay,0.05
resnet50_food101,ResNet50 + Food101,1,0.05,27,layer3.0.downsample.0,L3.0.ds.0,ouidecay,OUIDecay,0.18551884605713836
resnet50_food101,ResNet50 + Food101,1,0.05,28,layer3.1.conv1,L3.1.c1,uniform,WD fijo,0.05
resnet50_food101,ResNet50 + Food101,1,0.05,28,layer3.1.conv1,L3.1.c1,adadecay,AdaDecay,0.05
resnet50_food101,ResNet50 + Food101,1,0.05,28,layer3.1.conv1,L3.1.c1,ouidecay,OUIDecay,0.2024593167202259
resnet50_food101,ResNet50 + Food101,1,0.05,29,layer3.1.conv2,L3.1.c2,uniform,WD fijo,0.05
resnet50_food101,ResNet50 + Food101,1,0.05,29,layer3.1.conv2,L3.1.c2,adadecay,AdaDecay,0.05
resnet50_food101,ResNet50 + Food101,1,0.05,29,layer3.1.conv2,L3.1.c2,ouidecay,OUIDecay,0.19333952040377989
resnet50_food101,ResNet50 + Food101,1,0.05,30,layer3.1.conv3,L3.1.c3,uniform,WD fijo,0.05
resnet50_food101,ResNet50 + Food101,1,0.05,30,layer3.1.conv3,L3.1.c3,adadecay,AdaDecay,0.05
resnet50_food101,ResNet50 + Food101,1,0.05,30,layer3.1.conv3,L3.1.c3,ouidecay,OUIDecay,0.19845418954142782
resnet50_food101,ResNet50 + Food101,1,0.05,31,layer3.2.conv1,L3.2.c1,uniform,WD fijo,0.05
resnet50_food101,ResNet50 + Food101,1,0.05,31,layer3.2.conv1,L3.2.c1,adadecay,AdaDecay,0.05
resnet50_food101,ResNet50 + Food101,1,0.05,31,layer3.2.conv1,L3.2.c1,ouidecay,OUIDecay,0.19854798175737381
resnet50_food101,ResNet50 + Food101,1,0.05,32,layer3.2.conv2,L3.2.c2,uniform,WD fijo,0.05
resnet50_food101,ResNet50 + Food101,1,0.05,32,layer3.2.conv2,L3.2.c2,adadecay,AdaDecay,0.05
resnet50_food101,ResNet50 + Food101,1,0.05,32,layer3.2.conv2,L3.2.c2,ouidecay,OUIDecay,0.18044408850074398
resnet50_food101,ResNet50 + Food101,1,0.05,33,layer3.2.conv3,L3.2.c3,uniform,WD fijo,0.05
resnet50_food101,ResNet50 + Food101,1,0.05,33,layer3.2.conv3,L3.2.c3,adadecay,AdaDecay,0.05
resnet50_food101,ResNet50 + Food101,1,0.05,33,layer3.2.conv3,L3.2.c3,ouidecay,OUIDecay,0.1677172830285045
resnet50_food101,ResNet50 + Food101,1,0.05,34,layer3.3.conv1,L3.3.c1,uniform,WD fijo,0.05
resnet50_food101,ResNet50 + Food101,1,0.05,34,layer3.3.conv1,L3.3.c1,adadecay,AdaDecay,0.05
resnet50_food101,ResNet50 + Food101,1,0.05,34,layer3.3.conv1,L3.3.c1,ouidecay,OUIDecay,0.19369074231881153
resnet50_food101,ResNet50 + Food101,1,0.05,35,layer3.3.conv2,L3.3.c2,uniform,WD fijo,0.05
resnet50_food101,ResNet50 + Food101,1,0.05,35,layer3.3.conv2,L3.3.c2,adadecay,AdaDecay,0.05
resnet50_food101,ResNet50 + Food101,1,0.05,35,layer3.3.conv2,L3.3.c2,ouidecay,OUIDecay,0.1800968577438377
resnet50_food101,ResNet50 + Food101,1,0.05,36,layer3.3.conv3,L3.3.c3,uniform,WD fijo,0.05
resnet50_food101,ResNet50 + Food101,1,0.05,36,layer3.3.conv3,L3.3.c3,adadecay,AdaDecay,0.05
resnet50_food101,ResNet50 + Food101,1,0.05,36,layer3.3.conv3,L3.3.c3,ouidecay,OUIDecay,0.1446204509570502
resnet50_food101,ResNet50 + Food101,1,0.05,37,layer3.4.conv1,L3.4.c1,uniform,WD fijo,0.05
resnet50_food101,ResNet50 + Food101,1,0.05,37,layer3.4.conv1,L3.4.c1,adadecay,AdaDecay,0.05
resnet50_food101,ResNet50 + Food101,1,0.05,37,layer3.4.conv1,L3.4.c1,ouidecay,OUIDecay,0.20624293462306653
resnet50_food101,ResNet50 + Food101,1,0.05,38,layer3.4.conv2,L3.4.c2,uniform,WD fijo,0.05
resnet50_food101,ResNet50 + Food101,1,0.05,38,layer3.4.conv2,L3.4.c2,adadecay,AdaDecay,0.05
resnet50_food101,ResNet50 + Food101,1,0.05,38,layer3.4.conv2,L3.4.c2,ouidecay,OUIDecay,0.17640104531975498
resnet50_food101,ResNet50 + Food101,1,0.05,39,layer3.4.conv3,L3.4.c3,uniform,WD fijo,0.05
resnet50_food101,ResNet50 + Food101,1,0.05,39,layer3.4.conv3,L3.4.c3,adadecay,AdaDecay,0.05
resnet50_food101,ResNet50 + Food101,1,0.05,39,layer3.4.conv3,L3.4.c3,ouidecay,OUIDecay,0.14608520598905705
resnet50_food101,ResNet50 + Food101,1,0.05,40,layer3.5.conv1,L3.5.c1,uniform,WD fijo,0.05
resnet50_food101,ResNet50 + Food101,1,0.05,40,layer3.5.conv1,L3.5.c1,adadecay,AdaDecay,0.05
resnet50_food101,ResNet50 + Food101,1,0.05,40,layer3.5.conv1,L3.5.c1,ouidecay,OUIDecay,0.1917031455723826
resnet50_food101,ResNet50 + Food101,1,0.05,41,layer3.5.conv2,L3.5.c2,uniform,WD fijo,0.05
resnet50_food101,ResNet50 + Food101,1,0.05,41,layer3.5.conv2,L3.5.c2,adadecay,AdaDecay,0.05
resnet50_food101,ResNet50 + Food101,1,0.05,41,layer3.5.conv2,L3.5.c2,ouidecay,OUIDecay,0.1778418534030097
resnet50_food101,ResNet50 + Food101,1,0.05,42,layer3.5.conv3,L3.5.c3,uniform,WD fijo,0.05
resnet50_food101,ResNet50 + Food101,1,0.05,42,layer3.5.conv3,L3.5.c3,adadecay,AdaDecay,0.05
resnet50_food101,ResNet50 + Food101,1,0.05,42,layer3.5.conv3,L3.5.c3,ouidecay,OUIDecay,0.14218684229011233
resnet50_food101,ResNet50 + Food101,1,0.05,43,layer4.0.conv1,L4.0.c1,uniform,WD fijo,0.05
resnet50_food101,ResNet50 + Food101,1,0.05,43,layer4.0.conv1,L4.0.c1,adadecay,AdaDecay,0.05
resnet50_food101,ResNet50 + Food101,1,0.05,43,layer4.0.conv1,L4.0.c1,ouidecay,OUIDecay,0.210152274006856
resnet50_food101,ResNet50 + Food101,1,0.05,44,layer4.0.conv2,L4.0.c2,uniform,WD fijo,0.05
resnet50_food101,ResNet50 + Food101,1,0.05,44,layer4.0.conv2,L4.0.c2,adadecay,AdaDecay,0.05
resnet50_food101,ResNet50 + Food101,1,0.05,44,layer4.0.conv2,L4.0.c2,ouidecay,OUIDecay,0.1701329314838782
resnet50_food101,ResNet50 + Food101,1,0.05,45,layer4.0.conv3,L4.0.c3,uniform,WD fijo,0.05
resnet50_food101,ResNet50 + Food101,1,0.05,45,layer4.0.conv3,L4.0.c3,adadecay,AdaDecay,0.05
resnet50_food101,ResNet50 + Food101,1,0.05,45,layer4.0.conv3,L4.0.c3,ouidecay,OUIDecay,0.11015430607074424
resnet50_food101,ResNet50 + Food101,1,0.05,46,layer4.0.downsample.0,L4.0.ds.0,uniform,WD fijo,0.05
resnet50_food101,ResNet50 + Food101,1,0.05,46,layer4.0.downsample.0,L4.0.ds.0,adadecay,AdaDecay,0.05
resnet50_food101,ResNet50 + Food101,1,0.05,46,layer4.0.downsample.0,L4.0.ds.0,ouidecay,OUIDecay,0.03333
resnet50_food101,ResNet50 + Food101,1,0.05,47,layer4.1.conv1,L4.1.c1,uniform,WD fijo,0.05
resnet50_food101,ResNet50 + Food101,1,0.05,47,layer4.1.conv1,L4.1.c1,adadecay,AdaDecay,0.05
resnet50_food101,ResNet50 + Food101,1,0.05,47,layer4.1.conv1,L4.1.c1,ouidecay,OUIDecay,0.23286196374015045
resnet50_food101,ResNet50 + Food101,1,0.05,48,layer4.1.conv2,L4.1.c2,uniform,WD fijo,0.05
resnet50_food101,ResNet50 + Food101,1,0.05,48,layer4.1.conv2,L4.1.c2,adadecay,AdaDecay,0.05
resnet50_food101,ResNet50 + Food101,1,0.05,48,layer4.1.conv2,L4.1.c2,ouidecay,OUIDecay,0.20063336187787406
resnet50_food101,ResNet50 + Food101,1,0.05,49,layer4.1.conv3,L4.1.c3,uniform,WD fijo,0.05
resnet50_food101,ResNet50 + Food101,1,0.05,49,layer4.1.conv3,L4.1.c3,adadecay,AdaDecay,0.05
resnet50_food101,ResNet50 + Food101,1,0.05,49,layer4.1.conv3,L4.1.c3,ouidecay,OUIDecay,0.06515998494450613
resnet50_food101,ResNet50 + Food101,1,0.05,50,layer4.2.conv1,L4.2.c1,uniform,WD fijo,0.05
resnet50_food101,ResNet50 + Food101,1,0.05,50,layer4.2.conv1,L4.2.c1,adadecay,AdaDecay,0.05
resnet50_food101,ResNet50 + Food101,1,0.05,50,layer4.2.conv1,L4.2.c1,ouidecay,OUIDecay,0.24999999673044326
resnet50_food101,ResNet50 + Food101,1,0.05,51,layer4.2.conv2,L4.2.c2,uniform,WD fijo,0.05
resnet50_food101,ResNet50 + Food101,1,0.05,51,layer4.2.conv2,L4.2.c2,adadecay,AdaDecay,0.05
resnet50_food101,ResNet50 + Food101,1,0.05,51,layer4.2.conv2,L4.2.c2,ouidecay,OUIDecay,0.13817173721600093
resnet50_food101,ResNet50 + Food101,1,0.05,52,layer4.2.conv3,L4.2.c3,uniform,WD fijo,0.05
resnet50_food101,ResNet50 + Food101,1,0.05,52,layer4.2.conv3,L4.2.c3,adadecay,AdaDecay,0.05
resnet50_food101,ResNet50 + Food101,1,0.05,52,layer4.2.conv3,L4.2.c3,ouidecay,OUIDecay,0.060290772031567776
densenet121_cifar100,DenseNet121 + CIFAR100,1,0.1,1,features.denseblock1.denselayer1.conv1,f.denseb1.denseL1.c1,uniform,WD fijo,0.1
densenet121_cifar100,DenseNet121 + CIFAR100,1,0.1,1,features.denseblock1.denselayer1.conv1,f.denseb1.denseL1.c1,adadecay,AdaDecay,0.1
densenet121_cifar100,DenseNet121 + CIFAR100,1,0.1,1,features.denseblock1.denselayer1.conv1,f.denseb1.denseL1.c1,ouidecay,OUIDecay,0.2722093989078943
densenet121_cifar100,DenseNet121 + CIFAR100,1,0.1,2,features.denseblock1.denselayer1.conv2,f.denseb1.denseL1.c2,uniform,WD fijo,0.1
densenet121_cifar100,DenseNet121 + CIFAR100,1,0.1,2,features.denseblock1.denselayer1.conv2,f.denseb1.denseL1.c2,adadecay,AdaDecay,0.1
densenet121_cifar100,DenseNet121 + CIFAR100,1,0.1,2,features.denseblock1.denselayer1.conv2,f.denseb1.denseL1.c2,ouidecay,OUIDecay,0.2104191942193745
densenet121_cifar100,DenseNet121 + CIFAR100,1,0.1,3,features.denseblock1.denselayer2.conv1,f.denseb1.denseL2.c1,uniform,WD fijo,0.1
densenet121_cifar100,DenseNet121 + CIFAR100,1,0.1,3,features.denseblock1.denselayer2.conv1,f.denseb1.denseL2.c1,adadecay,AdaDecay,0.1
densenet121_cifar100,DenseNet121 + CIFAR100,1,0.1,3,features.denseblock1.denselayer2.conv1,f.denseb1.denseL2.c1,ouidecay,OUIDecay,0.2892008263303016
densenet121_cifar100,DenseNet121 + CIFAR100,1,0.1,4,features.denseblock1.denselayer2.conv2,f.denseb1.denseL2.c2,uniform,WD fijo,0.1
densenet121_cifar100,DenseNet121 + CIFAR100,1,0.1,4,features.denseblock1.denselayer2.conv2,f.denseb1.denseL2.c2,adadecay,AdaDecay,0.1
densenet121_cifar100,DenseNet121 + CIFAR100,1,0.1,4,features.denseblock1.denselayer2.conv2,f.denseb1.denseL2.c2,ouidecay,OUIDecay,0.2360117993852625
densenet121_cifar100,DenseNet121 + CIFAR100,1,0.1,5,features.denseblock1.denselayer3.conv1,f.denseb1.denseL3.c1,uniform,WD fijo,0.1
densenet121_cifar100,DenseNet121 + CIFAR100,1,0.1,5,features.denseblock1.denselayer3.conv1,f.denseb1.denseL3.c1,adadecay,AdaDecay,0.1
densenet121_cifar100,DenseNet121 + CIFAR100,1,0.1,5,features.denseblock1.denselayer3.conv1,f.denseb1.denseL3.c1,ouidecay,OUIDecay,0.2790528427800915
densenet121_cifar100,DenseNet121 + CIFAR100,1,0.1,6,features.denseblock1.denselayer3.conv2,f.denseb1.denseL3.c2,uniform,WD fijo,0.1
densenet121_cifar100,DenseNet121 + CIFAR100,1,0.1,6,features.denseblock1.denselayer3.conv2,f.denseb1.denseL3.c2,adadecay,AdaDecay,0.1
densenet121_cifar100,DenseNet121 + CIFAR100,1,0.1,6,features.denseblock1.denselayer3.conv2,f.denseb1.denseL3.c2,ouidecay,OUIDecay,0.16865543743767814
densenet121_cifar100,DenseNet121 + CIFAR100,1,0.1,7,features.denseblock1.denselayer4.conv1,f.denseb1.denseL4.c1,uniform,WD fijo,0.1
densenet121_cifar100,DenseNet121 + CIFAR100,1,0.1,7,features.denseblock1.denselayer4.conv1,f.denseb1.denseL4.c1,adadecay,AdaDecay,0.1
densenet121_cifar100,DenseNet121 + CIFAR100,1,0.1,7,features.denseblock1.denselayer4.conv1,f.denseb1.denseL4.c1,ouidecay,OUIDecay,0.3559829952132667
densenet121_cifar100,DenseNet121 + CIFAR100,1,0.1,8,features.denseblock1.denselayer4.conv2,f.denseb1.denseL4.c2,uniform,WD fijo,0.1
densenet121_cifar100,DenseNet121 + CIFAR100,1,0.1,8,features.denseblock1.denselayer4.conv2,f.denseb1.denseL4.c2,adadecay,AdaDecay,0.1
densenet121_cifar100,DenseNet121 + CIFAR100,1,0.1,8,features.denseblock1.denselayer4.conv2,f.denseb1.denseL4.c2,ouidecay,OUIDecay,0.3141489290767191
densenet121_cifar100,DenseNet121 + CIFAR100,1,0.1,9,features.denseblock1.denselayer5.conv1,f.denseb1.denseL5.c1,uniform,WD fijo,0.1
densenet121_cifar100,DenseNet121 + CIFAR100,1,0.1,9,features.denseblock1.denselayer5.conv1,f.denseb1.denseL5.c1,adadecay,AdaDecay,0.1
densenet121_cifar100,DenseNet121 + CIFAR100,1,0.1,9,features.denseblock1.denselayer5.conv1,f.denseb1.denseL5.c1,ouidecay,OUIDecay,0.34079617456537714
densenet121_cifar100,DenseNet121 + CIFAR100,1,0.1,10,features.denseblock1.denselayer5.conv2,f.denseb1.denseL5.c2,uniform,WD fijo,0.1
densenet121_cifar100,DenseNet121 + CIFAR100,1,0.1,10,features.denseblock1.denselayer5.conv2,f.denseb1.denseL5.c2,adadecay,AdaDecay,0.1
densenet121_cifar100,DenseNet121 + CIFAR100,1,0.1,10,features.denseblock1.denselayer5.conv2,f.denseb1.denseL5.c2,ouidecay,OUIDecay,0.3737712619906558
densenet121_cifar100,DenseNet121 + CIFAR100,1,0.1,11,features.denseblock1.denselayer6.conv1,f.denseb1.denseL6.c1,uniform,WD fijo,0.1
densenet121_cifar100,DenseNet121 + CIFAR100,1,0.1,11,features.denseblock1.denselayer6.conv1,f.denseb1.denseL6.c1,adadecay,AdaDecay,0.1
densenet121_cifar100,DenseNet121 + CIFAR100,1,0.1,11,features.denseblock1.denselayer6.conv1,f.denseb1.denseL6.c1,ouidecay,OUIDecay,0.36252176521444135
densenet121_cifar100,DenseNet121 + CIFAR100,1,0.1,12,features.denseblock1.denselayer6.conv2,f.denseb1.denseL6.c2,uniform,WD fijo,0.1
densenet121_cifar100,DenseNet121 + CIFAR100,1,0.1,12,features.denseblock1.denselayer6.conv2,f.denseb1.denseL6.c2,adadecay,AdaDecay,0.1
densenet121_cifar100,DenseNet121 + CIFAR100,1,0.1,12,features.denseblock1.denselayer6.conv2,f.denseb1.denseL6.c2,ouidecay,OUIDecay,0.2994777103644059
densenet121_cifar100,DenseNet121 + CIFAR100,1,0.1,13,features.transition1.conv,f.transition1.c,uniform,WD fijo,0.1
densenet121_cifar100,DenseNet121 + CIFAR100,1,0.1,13,features.transition1.conv,f.transition1.c,adadecay,AdaDecay,0.1
densenet121_cifar100,DenseNet121 + CIFAR100,1,0.1,13,features.transition1.conv,f.transition1.c,ouidecay,OUIDecay,0.41733962554686993
densenet121_cifar100,DenseNet121 + CIFAR100,1,0.1,14,features.denseblock2.denselayer1.conv1,f.denseb2.denseL1.c1,uniform,WD fijo,0.1
densenet121_cifar100,DenseNet121 + CIFAR100,1,0.1,14,features.denseblock2.denselayer1.conv1,f.denseb2.denseL1.c1,adadecay,AdaDecay,0.1
densenet121_cifar100,DenseNet121 + CIFAR100,1,0.1,14,features.denseblock2.denselayer1.conv1,f.denseb2.denseL1.c1,ouidecay,OUIDecay,0.32259776988468847
densenet121_cifar100,DenseNet121 + CIFAR100,1,0.1,15,features.denseblock2.denselayer1.conv2,f.denseb2.denseL1.c2,uniform,WD fijo,0.1
densenet121_cifar100,DenseNet121 + CIFAR100,1,0.1,15,features.denseblock2.denselayer1.conv2,f.denseb2.denseL1.c2,adadecay,AdaDecay,0.1
densenet121_cifar100,DenseNet121 + CIFAR100,1,0.1,15,features.denseblock2.denselayer1.conv2,f.denseb2.denseL1.c2,ouidecay,OUIDecay,0.3067898832689454
densenet121_cifar100,DenseNet121 + CIFAR100,1,0.1,16,features.denseblock2.denselayer2.conv1,f.denseb2.denseL2.c1,uniform,WD fijo,0.1
densenet121_cifar100,DenseNet121 + CIFAR100,1,0.1,16,features.denseblock2.denselayer2.conv1,f.denseb2.denseL2.c1,adadecay,AdaDecay,0.1
densenet121_cifar100,DenseNet121 + CIFAR100,1,0.1,16,features.denseblock2.denselayer2.conv1,f.denseb2.denseL2.c1,ouidecay,OUIDecay,0.3523737816642312
densenet121_cifar100,DenseNet121 + CIFAR100,1,0.1,17,features.denseblock2.denselayer2.conv2,f.denseb2.denseL2.c2,uniform,WD fijo,0.1
densenet121_cifar100,DenseNet121 + CIFAR100,1,0.1,17,features.denseblock2.denselayer2.conv2,f.denseb2.denseL2.c2,adadecay,AdaDecay,0.1
densenet121_cifar100,DenseNet121 + CIFAR100,1,0.1,17,features.denseblock2.denselayer2.conv2,f.denseb2.denseL2.c2,ouidecay,OUIDecay,0.21154414389699594
densenet121_cifar100,DenseNet121 + CIFAR100,1,0.1,18,features.denseblock2.denselayer3.conv1,f.denseb2.denseL3.c1,uniform,WD fijo,0.1
densenet121_cifar100,DenseNet121 + CIFAR100,1,0.1,18,features.denseblock2.denselayer3.conv1,f.denseb2.denseL3.c1,adadecay,AdaDecay,0.1
densenet121_cifar100,DenseNet121 + CIFAR100,1,0.1,18,features.denseblock2.denselayer3.conv1,f.denseb2.denseL3.c1,ouidecay,OUIDecay,0.34179222375910445
densenet121_cifar100,DenseNet121 + CIFAR100,1,0.1,19,features.denseblock2.denselayer3.conv2,f.denseb2.denseL3.c2,uniform,WD fijo,0.1
densenet121_cifar100,DenseNet121 + CIFAR100,1,0.1,19,features.denseblock2.denselayer3.conv2,f.denseb2.denseL3.c2,adadecay,AdaDecay,0.1
densenet121_cifar100,DenseNet121 + CIFAR100,1,0.1,19,features.denseblock2.denselayer3.conv2,f.denseb2.denseL3.c2,ouidecay,OUIDecay,0.30374314455872065
densenet121_cifar100,DenseNet121 + CIFAR100,1,0.1,20,features.denseblock2.denselayer4.conv1,f.denseb2.denseL4.c1,uniform,WD fijo,0.1
densenet121_cifar100,DenseNet121 + CIFAR100,1,0.1,20,features.denseblock2.denselayer4.conv1,f.denseb2.denseL4.c1,adadecay,AdaDecay,0.1
densenet121_cifar100,DenseNet121 + CIFAR100,1,0.1,20,features.denseblock2.denselayer4.conv1,f.denseb2.denseL4.c1,ouidecay,OUIDecay,0.33104661069265795
densenet121_cifar100,DenseNet121 + CIFAR100,1,0.1,21,features.denseblock2.denselayer4.conv2,f.denseb2.denseL4.c2,uniform,WD fijo,0.1
densenet121_cifar100,DenseNet121 + CIFAR100,1,0.1,21,features.denseblock2.denselayer4.conv2,f.denseb2.denseL4.c2,adadecay,AdaDecay,0.1
densenet121_cifar100,DenseNet121 + CIFAR100,1,0.1,21,features.denseblock2.denselayer4.conv2,f.denseb2.denseL4.c2,ouidecay,OUIDecay,0.3002745497193878
densenet121_cifar100,DenseNet121 + CIFAR100,1,0.1,22,features.denseblock2.denselayer5.conv1,f.denseb2.denseL5.c1,uniform,WD fijo,0.1
densenet121_cifar100,DenseNet121 + CIFAR100,1,0.1,22,features.denseblock2.denselayer5.conv1,f.denseb2.denseL5.c1,adadecay,AdaDecay,0.1
densenet121_cifar100,DenseNet121 + CIFAR100,1,0.1,22,features.denseblock2.denselayer5.conv1,f.denseb2.denseL5.c1,ouidecay,OUIDecay,0.349444225212092
densenet121_cifar100,DenseNet121 + CIFAR100,1,0.1,23,features.denseblock2.denselayer5.conv2,f.denseb2.denseL5.c2,uniform,WD fijo,0.1
densenet121_cifar100,DenseNet121 + CIFAR100,1,0.1,23,features.denseblock2.denselayer5.conv2,f.denseb2.denseL5.c2,adadecay,AdaDecay,0.1
densenet121_cifar100,DenseNet121 + CIFAR100,1,0.1,23,features.denseblock2.denselayer5.conv2,f.denseb2.denseL5.c2,ouidecay,OUIDecay,0.36847462392518815
densenet121_cifar100,DenseNet121 + CIFAR100,1,0.1,24,features.denseblock2.denselayer6.conv1,f.denseb2.denseL6.c1,uniform,WD fijo,0.1
densenet121_cifar100,DenseNet121 + CIFAR100,1,0.1,24,features.denseblock2.denselayer6.conv1,f.denseb2.denseL6.c1,adadecay,AdaDecay,0.1
densenet121_cifar100,DenseNet121 + CIFAR100,1,0.1,24,features.denseblock2.denselayer6.conv1,f.denseb2.denseL6.c1,ouidecay,OUIDecay,0.3661075423118597
densenet121_cifar100,DenseNet121 + CIFAR100,1,0.1,25,features.denseblock2.denselayer6.conv2,f.denseb2.denseL6.c2,uniform,WD fijo,0.1
densenet121_cifar100,DenseNet121 + CIFAR100,1,0.1,25,features.denseblock2.denselayer6.conv2,f.denseb2.denseL6.c2,adadecay,AdaDecay,0.1
densenet121_cifar100,DenseNet121 + CIFAR100,1,0.1,25,features.denseblock2.denselayer6.conv2,f.denseb2.denseL6.c2,ouidecay,OUIDecay,0.37873978973348393
densenet121_cifar100,DenseNet121 + CIFAR100,1,0.1,26,features.denseblock2.denselayer7.conv1,f.denseb2.denseL7.c1,uniform,WD fijo,0.1
densenet121_cifar100,DenseNet121 + CIFAR100,1,0.1,26,features.denseblock2.denselayer7.conv1,f.denseb2.denseL7.c1,adadecay,AdaDecay,0.1
densenet121_cifar100,DenseNet121 + CIFAR100,1,0.1,26,features.denseblock2.denselayer7.conv1,f.denseb2.denseL7.c1,ouidecay,OUIDecay,0.38395440021829175
densenet121_cifar100,DenseNet121 + CIFAR100,1,0.1,27,features.denseblock2.denselayer7.conv2,f.denseb2.denseL7.c2,uniform,WD fijo,0.1
densenet121_cifar100,DenseNet121 + CIFAR100,1,0.1,27,features.denseblock2.denselayer7.conv2,f.denseb2.denseL7.c2,adadecay,AdaDecay,0.1
densenet121_cifar100,DenseNet121 + CIFAR100,1,0.1,27,features.denseblock2.denselayer7.conv2,f.denseb2.denseL7.c2,ouidecay,OUIDecay,0.4008169271568049
densenet121_cifar100,DenseNet121 + CIFAR100,1,0.1,28,features.denseblock2.denselayer8.conv1,f.denseb2.denseL8.c1,uniform,WD fijo,0.1
densenet121_cifar100,DenseNet121 + CIFAR100,1,0.1,28,features.denseblock2.denselayer8.conv1,f.denseb2.denseL8.c1,adadecay,AdaDecay,0.1
densenet121_cifar100,DenseNet121 + CIFAR100,1,0.1,28,features.denseblock2.denselayer8.conv1,f.denseb2.denseL8.c1,ouidecay,OUIDecay,0.3579750936007214
densenet121_cifar100,DenseNet121 + CIFAR100,1,0.1,29,features.denseblock2.denselayer8.conv2,f.denseb2.denseL8.c2,uniform,WD fijo,0.1
densenet121_cifar100,DenseNet121 + CIFAR100,1,0.1,29,features.denseblock2.denselayer8.conv2,f.denseb2.denseL8.c2,adadecay,AdaDecay,0.1
densenet121_cifar100,DenseNet121 + CIFAR100,1,0.1,29,features.denseblock2.denselayer8.conv2,f.denseb2.denseL8.c2,ouidecay,OUIDecay,0.395895272317211
densenet121_cifar100,DenseNet121 + CIFAR100,1,0.1,30,features.denseblock2.denselayer9.conv1,f.denseb2.denseL9.c1,uniform,WD fijo,0.1
densenet121_cifar100,DenseNet121 + CIFAR100,1,0.1,30,features.denseblock2.denselayer9.conv1,f.denseb2.denseL9.c1,adadecay,AdaDecay,0.1
densenet121_cifar100,DenseNet121 + CIFAR100,1,0.1,30,features.denseblock2.denselayer9.conv1,f.denseb2.denseL9.c1,ouidecay,OUIDecay,0.38697770247689944
densenet121_cifar100,DenseNet121 + CIFAR100,1,0.1,31,features.denseblock2.denselayer9.conv2,f.denseb2.denseL9.c2,uniform,WD fijo,0.1
densenet121_cifar100,DenseNet121 + CIFAR100,1,0.1,31,features.denseblock2.denselayer9.conv2,f.denseb2.denseL9.c2,adadecay,AdaDecay,0.1
densenet121_cifar100,DenseNet121 + CIFAR100,1,0.1,31,features.denseblock2.denselayer9.conv2,f.denseb2.denseL9.c2,ouidecay,OUIDecay,0.42594080329035067
densenet121_cifar100,DenseNet121 + CIFAR100,1,0.1,32,features.denseblock2.denselayer10.conv1,f.denseb2.denseL10.c1,uniform,WD fijo,0.1
densenet121_cifar100,DenseNet121 + CIFAR100,1,0.1,32,features.denseblock2.denselayer10.conv1,f.denseb2.denseL10.c1,adadecay,AdaDecay,0.1
densenet121_cifar100,DenseNet121 + CIFAR100,1,0.1,32,features.denseblock2.denselayer10.conv1,f.denseb2.denseL10.c1,ouidecay,OUIDecay,0.3720955557000323
densenet121_cifar100,DenseNet121 + CIFAR100,1,0.1,33,features.denseblock2.denselayer10.conv2,f.denseb2.denseL10.c2,uniform,WD fijo,0.1
densenet121_cifar100,DenseNet121 + CIFAR100,1,0.1,33,features.denseblock2.denselayer10.conv2,f.denseb2.denseL10.c2,adadecay,AdaDecay,0.1
densenet121_cifar100,DenseNet121 + CIFAR100,1,0.1,33,features.denseblock2.denselayer10.conv2,f.denseb2.denseL10.c2,ouidecay,OUIDecay,0.318695600690439
densenet121_cifar100,DenseNet121 + CIFAR100,1,0.1,34,features.denseblock2.denselayer11.conv1,f.denseb2.denseL11.c1,uniform,WD fijo,0.1
densenet121_cifar100,DenseNet121 + CIFAR100,1,0.1,34,features.denseblock2.denselayer11.conv1,f.denseb2.denseL11.c1,adadecay,AdaDecay,0.1
densenet121_cifar100,DenseNet121 + CIFAR100,1,0.1,34,features.denseblock2.denselayer11.conv1,f.denseb2.denseL11.c1,ouidecay,OUIDecay,0.3695175460221498
densenet121_cifar100,DenseNet121 + CIFAR100,1,0.1,35,features.denseblock2.denselayer11.conv2,f.denseb2.denseL11.c2,uniform,WD fijo,0.1
densenet121_cifar100,DenseNet121 + CIFAR100,1,0.1,35,features.denseblock2.denselayer11.conv2,f.denseb2.denseL11.c2,adadecay,AdaDecay,0.1
densenet121_cifar100,DenseNet121 + CIFAR100,1,0.1,35,features.denseblock2.denselayer11.conv2,f.denseb2.denseL11.c2,ouidecay,OUIDecay,0.3857238523153837
densenet121_cifar100,DenseNet121 + CIFAR100,1,0.1,36,features.denseblock2.denselayer12.conv1,f.denseb2.denseL12.c1,uniform,WD fijo,0.1
densenet121_cifar100,DenseNet121 + CIFAR100,1,0.1,36,features.denseblock2.denselayer12.conv1,f.denseb2.denseL12.c1,adadecay,AdaDecay,0.1
densenet121_cifar100,DenseNet121 + CIFAR100,1,0.1,36,features.denseblock2.denselayer12.conv1,f.denseb2.denseL12.c1,ouidecay,OUIDecay,0.364595891182556
densenet121_cifar100,DenseNet121 + CIFAR100,1,0.1,37,features.denseblock2.denselayer12.conv2,f.denseb2.denseL12.c2,uniform,WD fijo,0.1
densenet121_cifar100,DenseNet121 + CIFAR100,1,0.1,37,features.denseblock2.denselayer12.conv2,f.denseb2.denseL12.c2,adadecay,AdaDecay,0.1
densenet121_cifar100,DenseNet121 + CIFAR100,1,0.1,37,features.denseblock2.denselayer12.conv2,f.denseb2.denseL12.c2,ouidecay,OUIDecay,0.3511316497285242
densenet121_cifar100,DenseNet121 + CIFAR100,1,0.1,38,features.transition2.conv,f.transition2.c,uniform,WD fijo,0.1
densenet121_cifar100,DenseNet121 + CIFAR100,1,0.1,38,features.transition2.conv,f.transition2.c,adadecay,AdaDecay,0.1
densenet121_cifar100,DenseNet121 + CIFAR100,1,0.1,38,features.transition2.conv,f.transition2.c,ouidecay,OUIDecay,0.37548212295870514
densenet121_cifar100,DenseNet121 + CIFAR100,1,0.1,39,features.denseblock3.denselayer1.conv1,f.denseb3.denseL1.c1,uniform,WD fijo,0.1
densenet121_cifar100,DenseNet121 + CIFAR100,1,0.1,39,features.denseblock3.denselayer1.conv1,f.denseb3.denseL1.c1,adadecay,AdaDecay,0.1
densenet121_cifar100,DenseNet121 + CIFAR100,1,0.1,39,features.denseblock3.denselayer1.conv1,f.denseb3.denseL1.c1,ouidecay,OUIDecay,0.38189199247598565
densenet121_cifar100,DenseNet121 + CIFAR100,1,0.1,40,features.denseblock3.denselayer1.conv2,f.denseb3.denseL1.c2,uniform,WD fijo,0.1
densenet121_cifar100,DenseNet121 + CIFAR100,1,0.1,40,features.denseblock3.denselayer1.conv2,f.denseb3.denseL1.c2,adadecay,AdaDecay,0.1
densenet121_cifar100,DenseNet121 + CIFAR100,1,0.1,40,features.denseblock3.denselayer1.conv2,f.denseb3.denseL1.c2,ouidecay,OUIDecay,0.29900898133206366
densenet121_cifar100,DenseNet121 + CIFAR100,1,0.1,41,features.denseblock3.denselayer2.conv1,f.denseb3.denseL2.c1,uniform,WD fijo,0.1
densenet121_cifar100,DenseNet121 + CIFAR100,1,0.1,41,features.denseblock3.denselayer2.conv1,f.denseb3.denseL2.c1,adadecay,AdaDecay,0.1
densenet121_cifar100,DenseNet121 + CIFAR100,1,0.1,41,features.denseblock3.denselayer2.conv1,f.denseb3.denseL2.c1,ouidecay,OUIDecay,0.4015317389311269
densenet121_cifar100,DenseNet121 + CIFAR100,1,0.1,42,features.denseblock3.denselayer2.conv2,f.denseb3.denseL2.c2,uniform,WD fijo,0.1
densenet121_cifar100,DenseNet121 + CIFAR100,1,0.1,42,features.denseblock3.denselayer2.conv2,f.denseb3.denseL2.c2,adadecay,AdaDecay,0.1
densenet121_cifar100,DenseNet121 + CIFAR100,1,0.1,42,features.denseblock3.denselayer2.conv2,f.denseb3.denseL2.c2,ouidecay,OUIDecay,0.31963305875512354
densenet121_cifar100,DenseNet121 + CIFAR100,1,0.1,43,features.denseblock3.denselayer3.conv1,f.denseb3.denseL3.c1,uniform,WD fijo,0.1
densenet121_cifar100,DenseNet121 + CIFAR100,1,0.1,43,features.denseblock3.denselayer3.conv1,f.denseb3.denseL3.c1,adadecay,AdaDecay,0.1
densenet121_cifar100,DenseNet121 + CIFAR100,1,0.1,43,features.denseblock3.denselayer3.conv1,f.denseb3.denseL3.c1,ouidecay,OUIDecay,0.3856769794121495
densenet121_cifar100,DenseNet121 + CIFAR100,1,0.1,44,features.denseblock3.denselayer3.conv2,f.denseb3.denseL3.c2,uniform,WD fijo,0.1
densenet121_cifar100,DenseNet121 + CIFAR100,1,0.1,44,features.denseblock3.denselayer3.conv2,f.denseb3.denseL3.c2,adadecay,AdaDecay,0.1
densenet121_cifar100,DenseNet121 + CIFAR100,1,0.1,44,features.denseblock3.denselayer3.conv2,f.denseb3.denseL3.c2,ouidecay,OUIDecay,0.29010312971756047
densenet121_cifar100,DenseNet121 + CIFAR100,1,0.1,45,features.denseblock3.denselayer4.conv1,f.denseb3.denseL4.c1,uniform,WD fijo,0.1
densenet121_cifar100,DenseNet121 + CIFAR100,1,0.1,45,features.denseblock3.denselayer4.conv1,f.denseb3.denseL4.c1,adadecay,AdaDecay,0.1
densenet121_cifar100,DenseNet121 + CIFAR100,1,0.1,45,features.denseblock3.denselayer4.conv1,f.denseb3.denseL4.c1,ouidecay,OUIDecay,0.39802798941436834
densenet121_cifar100,DenseNet121 + CIFAR100,1,0.1,46,features.denseblock3.denselayer4.conv2,f.denseb3.denseL4.c2,uniform,WD fijo,0.1
densenet121_cifar100,DenseNet121 + CIFAR100,1,0.1,46,features.denseblock3.denselayer4.conv2,f.denseb3.denseL4.c2,adadecay,AdaDecay,0.1
densenet121_cifar100,DenseNet121 + CIFAR100,1,0.1,46,features.denseblock3.denselayer4.conv2,f.denseb3.denseL4.c2,ouidecay,OUIDecay,0.3463974865018673
densenet121_cifar100,DenseNet121 + CIFAR100,1,0.1,47,features.denseblock3.denselayer5.conv1,f.denseb3.denseL5.c1,uniform,WD fijo,0.1
densenet121_cifar100,DenseNet121 + CIFAR100,1,0.1,47,features.denseblock3.denselayer5.conv1,f.denseb3.denseL5.c1,adadecay,AdaDecay,0.1
densenet121_cifar100,DenseNet121 + CIFAR100,1,0.1,47,features.denseblock3.denselayer5.conv1,f.denseb3.denseL5.c1,ouidecay,OUIDecay,0.3973834869948977
densenet121_cifar100,DenseNet121 + CIFAR100,1,0.1,48,features.denseblock3.denselayer5.conv2,f.denseb3.denseL5.c2,uniform,WD fijo,0.1
densenet121_cifar100,DenseNet121 + CIFAR100,1,0.1,48,features.denseblock3.denselayer5.conv2,f.denseb3.denseL5.c2,adadecay,AdaDecay,0.1
densenet121_cifar100,DenseNet121 + CIFAR100,1,0.1,48,features.denseblock3.denselayer5.conv2,f.denseb3.denseL5.c2,ouidecay,OUIDecay,0.44061202200266375
densenet121_cifar100,DenseNet121 + CIFAR100,1,0.1,49,features.denseblock3.denselayer6.conv1,f.denseb3.denseL6.c1,uniform,WD fijo,0.1
densenet121_cifar100,DenseNet121 + CIFAR100,1,0.1,49,features.denseblock3.denselayer6.conv1,f.denseb3.denseL6.c1,adadecay,AdaDecay,0.1
densenet121_cifar100,DenseNet121 + CIFAR100,1,0.1,49,features.denseblock3.denselayer6.conv1,f.denseb3.denseL6.c1,ouidecay,OUIDecay,0.40326603635079333
densenet121_cifar100,DenseNet121 + CIFAR100,1,0.1,50,features.denseblock3.denselayer6.conv2,f.denseb3.denseL6.c2,uniform,WD fijo,0.1
densenet121_cifar100,DenseNet121 + CIFAR100,1,0.1,50,features.denseblock3.denselayer6.conv2,f.denseb3.denseL6.c2,adadecay,AdaDecay,0.1
densenet121_cifar100,DenseNet121 + CIFAR100,1,0.1,50,features.denseblock3.denselayer6.conv2,f.denseb3.denseL6.c2,ouidecay,OUIDecay,0.30224321165522533
densenet121_cifar100,DenseNet121 + CIFAR100,1,0.1,51,features.denseblock3.denselayer7.conv1,f.denseb3.denseL7.c1,uniform,WD fijo,0.1
densenet121_cifar100,DenseNet121 + CIFAR100,1,0.1,51,features.denseblock3.denselayer7.conv1,f.denseb3.denseL7.c1,adadecay,AdaDecay,0.1
densenet121_cifar100,DenseNet121 + CIFAR100,1,0.1,51,features.denseblock3.denselayer7.conv1,f.denseb3.denseL7.c1,ouidecay,OUIDecay,0.4106719550618012
densenet121_cifar100,DenseNet121 + CIFAR100,1,0.1,52,features.denseblock3.denselayer7.conv2,f.denseb3.denseL7.c2,uniform,WD fijo,0.1
densenet121_cifar100,DenseNet121 + CIFAR100,1,0.1,52,features.denseblock3.denselayer7.conv2,f.denseb3.denseL7.c2,adadecay,AdaDecay,0.1
densenet121_cifar100,DenseNet121 + CIFAR100,1,0.1,52,features.denseblock3.denselayer7.conv2,f.denseb3.denseL7.c2,ouidecay,OUIDecay,0.40808222715811016
densenet121_cifar100,DenseNet121 + CIFAR100,1,0.1,53,features.denseblock3.denselayer8.conv1,f.denseb3.denseL8.c1,uniform,WD fijo,0.1
densenet121_cifar100,DenseNet121 + CIFAR100,1,0.1,53,features.denseblock3.denselayer8.conv1,f.denseb3.denseL8.c1,adadecay,AdaDecay,0.1
densenet121_cifar100,DenseNet121 + CIFAR100,1,0.1,53,features.denseblock3.denselayer8.conv1,f.denseb3.denseL8.c1,ouidecay,OUIDecay,0.3903056786065295
densenet121_cifar100,DenseNet121 + CIFAR100,1,0.1,54,features.denseblock3.denselayer8.conv2,f.denseb3.denseL8.c2,uniform,WD fijo,0.1
densenet121_cifar100,DenseNet121 + CIFAR100,1,0.1,54,features.denseblock3.denselayer8.conv2,f.denseb3.denseL8.c2,adadecay,AdaDecay,0.1
densenet121_cifar100,DenseNet121 + CIFAR100,1,0.1,54,features.denseblock3.denselayer8.conv2,f.denseb3.denseL8.c2,ouidecay,OUIDecay,0.4641890923294799
densenet121_cifar100,DenseNet121 + CIFAR100,1,0.1,55,features.denseblock3.denselayer9.conv1,f.denseb3.denseL9.c1,uniform,WD fijo,0.1
densenet121_cifar100,DenseNet121 + CIFAR100,1,0.1,55,features.denseblock3.denselayer9.conv1,f.denseb3.denseL9.c1,adadecay,AdaDecay,0.1
densenet121_cifar100,DenseNet121 + CIFAR100,1,0.1,55,features.denseblock3.denselayer9.conv1,f.denseb3.denseL9.c1,ouidecay,OUIDecay,0.41910907764396205
densenet121_cifar100,DenseNet121 + CIFAR100,1,0.1,56,features.denseblock3.denselayer9.conv2,f.denseb3.denseL9.c2,uniform,WD fijo,0.1
densenet121_cifar100,DenseNet121 + CIFAR100,1,0.1,56,features.denseblock3.denselayer9.conv2,f.denseb3.denseL9.c2,adadecay,AdaDecay,0.1
densenet121_cifar100,DenseNet121 + CIFAR100,1,0.1,56,features.denseblock3.denselayer9.conv2,f.denseb3.denseL9.c2,ouidecay,OUIDecay,0.4218628607089729
densenet121_cifar100,DenseNet121 + CIFAR100,1,0.1,57,features.denseblock3.denselayer10.conv1,f.denseb3.denseL10.c1,uniform,WD fijo,0.1
densenet121_cifar100,DenseNet121 + CIFAR100,1,0.1,57,features.denseblock3.denselayer10.conv1,f.denseb3.denseL10.c1,adadecay,AdaDecay,0.1
densenet121_cifar100,DenseNet121 + CIFAR100,1,0.1,57,features.denseblock3.denselayer10.conv1,f.denseb3.denseL10.c1,ouidecay,OUIDecay,0.39022365102586964
densenet121_cifar100,DenseNet121 + CIFAR100,1,0.1,58,features.denseblock3.denselayer10.conv2,f.denseb3.denseL10.c2,uniform,WD fijo,0.1
densenet121_cifar100,DenseNet121 + CIFAR100,1,0.1,58,features.denseblock3.denselayer10.conv2,f.denseb3.denseL10.c2,adadecay,AdaDecay,0.1
densenet121_cifar100,DenseNet121 + CIFAR100,1,0.1,58,features.denseblock3.denselayer10.conv2,f.denseb3.denseL10.c2,ouidecay,OUIDecay,0.34728807166331754
densenet121_cifar100,DenseNet121 + CIFAR100,1,0.1,59,features.denseblock3.denselayer11.conv1,f.denseb3.denseL11.c1,uniform,WD fijo,0.1
densenet121_cifar100,DenseNet121 + CIFAR100,1,0.1,59,features.denseblock3.denselayer11.conv1,f.denseb3.denseL11.c1,adadecay,AdaDecay,0.1
densenet121_cifar100,DenseNet121 + CIFAR100,1,0.1,59,features.denseblock3.denselayer11.conv1,f.denseb3.denseL11.c1,ouidecay,OUIDecay,0.3671856190862469
densenet121_cifar100,DenseNet121 + CIFAR100,1,0.1,60,features.denseblock3.denselayer11.conv2,f.denseb3.denseL11.c2,uniform,WD fijo,0.1
densenet121_cifar100,DenseNet121 + CIFAR100,1,0.1,60,features.denseblock3.denselayer11.conv2,f.denseb3.denseL11.c2,adadecay,AdaDecay,0.1
densenet121_cifar100,DenseNet121 + CIFAR100,1,0.1,60,features.denseblock3.denselayer11.conv2,f.denseb3.denseL11.c2,ouidecay,OUIDecay,0.4454399310357891
densenet121_cifar100,DenseNet121 + CIFAR100,1,0.1,61,features.denseblock3.denselayer12.conv1,f.denseb3.denseL12.c1,uniform,WD fijo,0.1
densenet121_cifar100,DenseNet121 + CIFAR100,1,0.1,61,features.denseblock3.denselayer12.conv1,f.denseb3.denseL12.c1,adadecay,AdaDecay,0.1
densenet121_cifar100,DenseNet121 + CIFAR100,1,0.1,61,features.denseblock3.denselayer12.conv1,f.denseb3.denseL12.c1,ouidecay,OUIDecay,0.377099238120286
densenet121_cifar100,DenseNet121 + CIFAR100,1,0.1,62,features.denseblock3.denselayer12.conv2,f.denseb3.denseL12.c2,uniform,WD fijo,0.1
densenet121_cifar100,DenseNet121 + CIFAR100,1,0.1,62,features.denseblock3.denselayer12.conv2,f.denseb3.denseL12.c2,adadecay,AdaDecay,0.1
densenet121_cifar100,DenseNet121 + CIFAR100,1,0.1,62,features.denseblock3.denselayer12.conv2,f.denseb3.denseL12.c2,ouidecay,OUIDecay,0.4351278923242592
densenet121_cifar100,DenseNet121 + CIFAR100,1,0.1,63,features.denseblock3.denselayer13.conv1,f.denseb3.denseL13.c1,uniform,WD fijo,0.1
densenet121_cifar100,DenseNet121 + CIFAR100,1,0.1,63,features.denseblock3.denselayer13.conv1,f.denseb3.denseL13.c1,adadecay,AdaDecay,0.1
densenet121_cifar100,DenseNet121 + CIFAR100,1,0.1,63,features.denseblock3.denselayer13.conv1,f.denseb3.denseL13.c1,ouidecay,OUIDecay,0.4022817053828745
densenet121_cifar100,DenseNet121 + CIFAR100,1,0.1,64,features.denseblock3.denselayer13.conv2,f.denseb3.denseL13.c2,uniform,WD fijo,0.1
densenet121_cifar100,DenseNet121 + CIFAR100,1,0.1,64,features.denseblock3.denselayer13.conv2,f.denseb3.denseL13.c2,adadecay,AdaDecay,0.1
densenet121_cifar100,DenseNet121 + CIFAR100,1,0.1,64,features.denseblock3.denselayer13.conv2,f.denseb3.denseL13.c2,ouidecay,OUIDecay,0.41759742651465814
densenet121_cifar100,DenseNet121 + CIFAR100,1,0.1,65,features.denseblock3.denselayer14.conv1,f.denseb3.denseL14.c1,uniform,WD fijo,0.1
densenet121_cifar100,DenseNet121 + CIFAR100,1,0.1,65,features.denseblock3.denselayer14.conv1,f.denseb3.denseL14.c1,adadecay,AdaDecay,0.1
densenet121_cifar100,DenseNet121 + CIFAR100,1,0.1,65,features.denseblock3.denselayer14.conv1,f.denseb3.denseL14.c1,ouidecay,OUIDecay,0.39256729618758096
densenet121_cifar100,DenseNet121 + CIFAR100,1,0.1,66,features.denseblock3.denselayer14.conv2,f.denseb3.denseL14.c2,uniform,WD fijo,0.1
densenet121_cifar100,DenseNet121 + CIFAR100,1,0.1,66,features.denseblock3.denselayer14.conv2,f.denseb3.denseL14.c2,adadecay,AdaDecay,0.1
densenet121_cifar100,DenseNet121 + CIFAR100,1,0.1,66,features.denseblock3.denselayer14.conv2,f.denseb3.denseL14.c2,ouidecay,OUIDecay,0.47637604717037896
densenet121_cifar100,DenseNet121 + CIFAR100,1,0.1,67,features.denseblock3.denselayer15.conv1,f.denseb3.denseL15.c1,uniform,WD fijo,0.1
densenet121_cifar100,DenseNet121 + CIFAR100,1,0.1,67,features.denseblock3.denselayer15.conv1,f.denseb3.denseL15.c1,adadecay,AdaDecay,0.1
densenet121_cifar100,DenseNet121 + CIFAR100,1,0.1,67,features.denseblock3.denselayer15.conv1,f.denseb3.denseL15.c1,ouidecay,OUIDecay,0.3508269758575018
densenet121_cifar100,DenseNet121 + CIFAR100,1,0.1,68,features.denseblock3.denselayer15.conv2,f.denseb3.denseL15.c2,uniform,WD fijo,0.1
densenet121_cifar100,DenseNet121 + CIFAR100,1,0.1,68,features.denseblock3.denselayer15.conv2,f.denseb3.denseL15.c2,adadecay,AdaDecay,0.1
densenet121_cifar100,DenseNet121 + CIFAR100,1,0.1,68,features.denseblock3.denselayer15.conv2,f.denseb3.denseL15.c2,ouidecay,OUIDecay,0.4545801471664634
densenet121_cifar100,DenseNet121 + CIFAR100,1,0.1,69,features.denseblock3.denselayer16.conv1,f.denseb3.denseL16.c1,uniform,WD fijo,0.1
densenet121_cifar100,DenseNet121 + CIFAR100,1,0.1,69,features.denseblock3.denselayer16.conv1,f.denseb3.denseL16.c1,adadecay,AdaDecay,0.1
densenet121_cifar100,DenseNet121 + CIFAR100,1,0.1,69,features.denseblock3.denselayer16.conv1,f.denseb3.denseL16.c1,ouidecay,OUIDecay,0.4184177023212572
densenet121_cifar100,DenseNet121 + CIFAR100,1,0.1,70,features.denseblock3.denselayer16.conv2,f.denseb3.denseL16.c2,uniform,WD fijo,0.1
densenet121_cifar100,DenseNet121 + CIFAR100,1,0.1,70,features.denseblock3.denselayer16.conv2,f.denseb3.denseL16.c2,adadecay,AdaDecay,0.1
densenet121_cifar100,DenseNet121 + CIFAR100,1,0.1,70,features.denseblock3.denselayer16.conv2,f.denseb3.denseL16.c2,ouidecay,OUIDecay,0.44370563361612264
densenet121_cifar100,DenseNet121 + CIFAR100,1,0.1,71,features.denseblock3.denselayer17.conv1,f.denseb3.denseL17.c1,uniform,WD fijo,0.1
densenet121_cifar100,DenseNet121 + CIFAR100,1,0.1,71,features.denseblock3.denselayer17.conv1,f.denseb3.denseL17.c1,adadecay,AdaDecay,0.1
densenet121_cifar100,DenseNet121 + CIFAR100,1,0.1,71,features.denseblock3.denselayer17.conv1,f.denseb3.denseL17.c1,ouidecay,OUIDecay,0.4048831515123741
densenet121_cifar100,DenseNet121 + CIFAR100,1,0.1,72,features.denseblock3.denselayer17.conv2,f.denseb3.denseL17.c2,uniform,WD fijo,0.1
densenet121_cifar100,DenseNet121 + CIFAR100,1,0.1,72,features.denseblock3.denselayer17.conv2,f.denseb3.denseL17.c2,adadecay,AdaDecay,0.1
densenet121_cifar100,DenseNet121 + CIFAR100,1,0.1,72,features.denseblock3.denselayer17.conv2,f.denseb3.denseL17.c2,ouidecay,OUIDecay,0.4587049626510753
densenet121_cifar100,DenseNet121 + CIFAR100,1,0.1,73,features.denseblock3.denselayer18.conv1,f.denseb3.denseL18.c1,uniform,WD fijo,0.1
densenet121_cifar100,DenseNet121 + CIFAR100,1,0.1,73,features.denseblock3.denselayer18.conv1,f.denseb3.denseL18.c1,adadecay,AdaDecay,0.1
densenet121_cifar100,DenseNet121 + CIFAR100,1,0.1,73,features.denseblock3.denselayer18.conv1,f.denseb3.denseL18.c1,ouidecay,OUIDecay,0.39479375909120673
densenet121_cifar100,DenseNet121 + CIFAR100,1,0.1,74,features.denseblock3.denselayer18.conv2,f.denseb3.denseL18.c2,uniform,WD fijo,0.1
densenet121_cifar100,DenseNet121 + CIFAR100,1,0.1,74,features.denseblock3.denselayer18.conv2,f.denseb3.denseL18.c2,adadecay,AdaDecay,0.1
densenet121_cifar100,DenseNet121 + CIFAR100,1,0.1,74,features.denseblock3.denselayer18.conv2,f.denseb3.denseL18.c2,ouidecay,OUIDecay,0.45031471297214876
densenet121_cifar100,DenseNet121 + CIFAR100,1,0.1,75,features.denseblock3.denselayer19.conv1,f.denseb3.denseL19.c1,uniform,WD fijo,0.1
densenet121_cifar100,DenseNet121 + CIFAR100,1,0.1,75,features.denseblock3.denselayer19.conv1,f.denseb3.denseL19.c1,adadecay,AdaDecay,0.1
densenet121_cifar100,DenseNet121 + CIFAR100,1,0.1,75,features.denseblock3.denselayer19.conv1,f.denseb3.denseL19.c1,ouidecay,OUIDecay,0.4173513437726786
densenet121_cifar100,DenseNet121 + CIFAR100,1,0.1,76,features.denseblock3.denselayer19.conv2,f.denseb3.denseL19.c2,uniform,WD fijo,0.1
densenet121_cifar100,DenseNet121 + CIFAR100,1,0.1,76,features.denseblock3.denselayer19.conv2,f.denseb3.denseL19.c2,adadecay,AdaDecay,0.1
densenet121_cifar100,DenseNet121 + CIFAR100,1,0.1,76,features.denseblock3.denselayer19.conv2,f.denseb3.denseL19.c2,ouidecay,OUIDecay,0.48659434007544045
densenet121_cifar100,DenseNet121 + CIFAR100,1,0.1,77,features.denseblock3.denselayer20.conv1,f.denseb3.denseL20.c1,uniform,WD fijo,0.1
densenet121_cifar100,DenseNet121 + CIFAR100,1,0.1,77,features.denseblock3.denselayer20.conv1,f.denseb3.denseL20.c1,adadecay,AdaDecay,0.1
densenet121_cifar100,DenseNet121 + CIFAR100,1,0.1,77,features.denseblock3.denselayer20.conv1,f.denseb3.denseL20.c1,ouidecay,OUIDecay,0.3793139827981032
densenet121_cifar100,DenseNet121 + CIFAR100,1,0.1,78,features.denseblock3.denselayer20.conv2,f.denseb3.denseL20.c2,uniform,WD fijo,0.1
densenet121_cifar100,DenseNet121 + CIFAR100,1,0.1,78,features.denseblock3.denselayer20.conv2,f.denseb3.denseL20.c2,adadecay,AdaDecay,0.1
densenet121_cifar100,DenseNet121 + CIFAR100,1,0.1,78,features.denseblock3.denselayer20.conv2,f.denseb3.denseL20.c2,ouidecay,OUIDecay,0.4999999904004295
densenet121_cifar100,DenseNet121 + CIFAR100,1,0.1,79,features.denseblock3.denselayer21.conv1,f.denseb3.denseL21.c1,uniform,WD fijo,0.1
densenet121_cifar100,DenseNet121 + CIFAR100,1,0.1,79,features.denseblock3.denselayer21.conv1,f.denseb3.denseL21.c1,adadecay,AdaDecay,0.1
densenet121_cifar100,DenseNet121 + CIFAR100,1,0.1,79,features.denseblock3.denselayer21.conv1,f.denseb3.denseL21.c1,ouidecay,OUIDecay,0.41755055361142396
densenet121_cifar100,DenseNet121 + CIFAR100,1,0.1,80,features.denseblock3.denselayer21.conv2,f.denseb3.denseL21.c2,uniform,WD fijo,0.1
densenet121_cifar100,DenseNet121 + CIFAR100,1,0.1,80,features.denseblock3.denselayer21.conv2,f.denseb3.denseL21.c2,adadecay,AdaDecay,0.1
densenet121_cifar100,DenseNet121 + CIFAR100,1,0.1,80,features.denseblock3.denselayer21.conv2,f.denseb3.denseL21.c2,ouidecay,OUIDecay,0.46686084781383086
densenet121_cifar100,DenseNet121 + CIFAR100,1,0.1,81,features.denseblock3.denselayer22.conv1,f.denseb3.denseL22.c1,uniform,WD fijo,0.1
densenet121_cifar100,DenseNet121 + CIFAR100,1,0.1,81,features.denseblock3.denselayer22.conv1,f.denseb3.denseL22.c1,adadecay,AdaDecay,0.1
densenet121_cifar100,DenseNet121 + CIFAR100,1,0.1,81,features.denseblock3.denselayer22.conv1,f.denseb3.denseL22.c1,ouidecay,OUIDecay,0.4166365319983565
densenet121_cifar100,DenseNet121 + CIFAR100,1,0.1,82,features.denseblock3.denselayer22.conv2,f.denseb3.denseL22.c2,uniform,WD fijo,0.1
densenet121_cifar100,DenseNet121 + CIFAR100,1,0.1,82,features.denseblock3.denselayer22.conv2,f.denseb3.denseL22.c2,adadecay,AdaDecay,0.1
densenet121_cifar100,DenseNet121 + CIFAR100,1,0.1,82,features.denseblock3.denselayer22.conv2,f.denseb3.denseL22.c2,ouidecay,OUIDecay,0.4590330729737149
densenet121_cifar100,DenseNet121 + CIFAR100,1,0.1,83,features.denseblock3.denselayer23.conv1,f.denseb3.denseL23.c1,uniform,WD fijo,0.1
densenet121_cifar100,DenseNet121 + CIFAR100,1,0.1,83,features.denseblock3.denselayer23.conv1,f.denseb3.denseL23.c1,adadecay,AdaDecay,0.1
densenet121_cifar100,DenseNet121 + CIFAR100,1,0.1,83,features.denseblock3.denselayer23.conv1,f.denseb3.denseL23.c1,ouidecay,OUIDecay,0.40346524618953883
densenet121_cifar100,DenseNet121 + CIFAR100,1,0.1,84,features.denseblock3.denselayer23.conv2,f.denseb3.denseL23.c2,uniform,WD fijo,0.1
densenet121_cifar100,DenseNet121 + CIFAR100,1,0.1,84,features.denseblock3.denselayer23.conv2,f.denseb3.denseL23.c2,adadecay,AdaDecay,0.1
densenet121_cifar100,DenseNet121 + CIFAR100,1,0.1,84,features.denseblock3.denselayer23.conv2,f.denseb3.denseL23.c2,ouidecay,OUIDecay,0.46137671813542624
densenet121_cifar100,DenseNet121 + CIFAR100,1,0.1,85,features.denseblock3.denselayer24.conv1,f.denseb3.denseL24.c1,uniform,WD fijo,0.1
densenet121_cifar100,DenseNet121 + CIFAR100,1,0.1,85,features.denseblock3.denselayer24.conv1,f.denseb3.denseL24.c1,adadecay,AdaDecay,0.1
densenet121_cifar100,DenseNet121 + CIFAR100,1,0.1,85,features.denseblock3.denselayer24.conv1,f.denseb3.denseL24.c1,ouidecay,OUIDecay,0.3931180528005831
densenet121_cifar100,DenseNet121 + CIFAR100,1,0.1,86,features.denseblock3.denselayer24.conv2,f.denseb3.denseL24.c2,uniform,WD fijo,0.1
densenet121_cifar100,DenseNet121 + CIFAR100,1,0.1,86,features.denseblock3.denselayer24.conv2,f.denseb3.denseL24.c2,adadecay,AdaDecay,0.1
densenet121_cifar100,DenseNet121 + CIFAR100,1,0.1,86,features.denseblock3.denselayer24.conv2,f.denseb3.denseL24.c2,ouidecay,OUIDecay,0.4993906426583844
densenet121_cifar100,DenseNet121 + CIFAR100,1,0.1,87,features.transition3.conv,f.transition3.c,uniform,WD fijo,0.1
densenet121_cifar100,DenseNet121 + CIFAR100,1,0.1,87,features.transition3.conv,f.transition3.c,adadecay,AdaDecay,0.1
densenet121_cifar100,DenseNet121 + CIFAR100,1,0.1,87,features.transition3.conv,f.transition3.c,ouidecay,OUIDecay,0.4517999980933833
densenet121_cifar100,DenseNet121 + CIFAR100,1,0.1,88,features.denseblock4.denselayer1.conv1,f.denseb4.denseL1.c1,uniform,WD fijo,0.1
densenet121_cifar100,DenseNet121 + CIFAR100,1,0.1,88,features.denseblock4.denselayer1.conv1,f.denseb4.denseL1.c1,adadecay,AdaDecay,0.1
densenet121_cifar100,DenseNet121 + CIFAR100,1,0.1,88,features.denseblock4.denselayer1.conv1,f.denseb4.denseL1.c1,ouidecay,OUIDecay,0.3833802071536724
densenet121_cifar100,DenseNet121 + CIFAR100,1,0.1,89,features.denseblock4.denselayer1.conv2,f.denseb4.denseL1.c2,uniform,WD fijo,0.1
densenet121_cifar100,DenseNet121 + CIFAR100,1,0.1,89,features.denseblock4.denselayer1.conv2,f.denseb4.denseL1.c2,adadecay,AdaDecay,0.1
densenet121_cifar100,DenseNet121 + CIFAR100,1,0.1,89,features.denseblock4.denselayer1.conv2,f.denseb4.denseL1.c2,ouidecay,OUIDecay,0.18768583615077433
densenet121_cifar100,DenseNet121 + CIFAR100,1,0.1,90,features.denseblock4.denselayer2.conv1,f.denseb4.denseL2.c1,uniform,WD fijo,0.1
densenet121_cifar100,DenseNet121 + CIFAR100,1,0.1,90,features.denseblock4.denselayer2.conv1,f.denseb4.denseL2.c1,adadecay,AdaDecay,0.1
densenet121_cifar100,DenseNet121 + CIFAR100,1,0.1,90,features.denseblock4.denselayer2.conv1,f.denseb4.denseL2.c1,ouidecay,OUIDecay,0.40057084441482527
densenet121_cifar100,DenseNet121 + CIFAR100,1,0.1,91,features.denseblock4.denselayer2.conv2,f.denseb4.denseL2.c2,uniform,WD fijo,0.1
densenet121_cifar100,DenseNet121 + CIFAR100,1,0.1,91,features.denseblock4.denselayer2.conv2,f.denseb4.denseL2.c2,adadecay,AdaDecay,0.1
densenet121_cifar100,DenseNet121 + CIFAR100,1,0.1,91,features.denseblock4.denselayer2.conv2,f.denseb4.denseL2.c2,ouidecay,OUIDecay,0.25438597745307956
densenet121_cifar100,DenseNet121 + CIFAR100,1,0.1,92,features.denseblock4.denselayer3.conv1,f.denseb4.denseL3.c1,uniform,WD fijo,0.1
densenet121_cifar100,DenseNet121 + CIFAR100,1,0.1,92,features.denseblock4.denselayer3.conv1,f.denseb4.denseL3.c1,adadecay,AdaDecay,0.1
densenet121_cifar100,DenseNet121 + CIFAR100,1,0.1,92,features.denseblock4.denselayer3.conv1,f.denseb4.denseL3.c1,ouidecay,OUIDecay,0.41465615183671045
densenet121_cifar100,DenseNet121 + CIFAR100,1,0.1,93,features.denseblock4.denselayer3.conv2,f.denseb4.denseL3.c2,uniform,WD fijo,0.1
densenet121_cifar100,DenseNet121 + CIFAR100,1,0.1,93,features.denseblock4.denselayer3.conv2,f.denseb4.denseL3.c2,adadecay,AdaDecay,0.1
densenet121_cifar100,DenseNet121 + CIFAR100,1,0.1,93,features.denseblock4.denselayer3.conv2,f.denseb4.denseL3.c2,ouidecay,OUIDecay,0.20549753937978063
densenet121_cifar100,DenseNet121 + CIFAR100,1,0.1,94,features.denseblock4.denselayer4.conv1,f.denseb4.denseL4.c1,uniform,WD fijo,0.1
densenet121_cifar100,DenseNet121 + CIFAR100,1,0.1,94,features.denseblock4.denselayer4.conv1,f.denseb4.denseL4.c1,adadecay,AdaDecay,0.1
densenet121_cifar100,DenseNet121 + CIFAR100,1,0.1,94,features.denseblock4.denselayer4.conv1,f.denseb4.denseL4.c1,ouidecay,OUIDecay,0.3808021974757899
densenet121_cifar100,DenseNet121 + CIFAR100,1,0.1,95,features.denseblock4.denselayer4.conv2,f.denseb4.denseL4.c2,uniform,WD fijo,0.1
densenet121_cifar100,DenseNet121 + CIFAR100,1,0.1,95,features.denseblock4.denselayer4.conv2,f.denseb4.denseL4.c2,adadecay,AdaDecay,0.1
densenet121_cifar100,DenseNet121 + CIFAR100,1,0.1,95,features.denseblock4.denselayer4.conv2,f.denseb4.denseL4.c2,ouidecay,OUIDecay,0.15464043937064426
densenet121_cifar100,DenseNet121 + CIFAR100,1,0.1,96,features.denseblock4.denselayer5.conv1,f.denseb4.denseL5.c1,uniform,WD fijo,0.1
densenet121_cifar100,DenseNet121 + CIFAR100,1,0.1,96,features.denseblock4.denselayer5.conv1,f.denseb4.denseL5.c1,adadecay,AdaDecay,0.1
densenet121_cifar100,DenseNet121 + CIFAR100,1,0.1,96,features.denseblock4.denselayer5.conv1,f.denseb4.denseL5.c1,ouidecay,OUIDecay,0.3422843892430638
densenet121_cifar100,DenseNet121 + CIFAR100,1,0.1,97,features.denseblock4.denselayer5.conv2,f.denseb4.denseL5.c2,uniform,WD fijo,0.1
densenet121_cifar100,DenseNet121 + CIFAR100,1,0.1,97,features.denseblock4.denselayer5.conv2,f.denseb4.denseL5.c2,adadecay,AdaDecay,0.1
densenet121_cifar100,DenseNet121 + CIFAR100,1,0.1,97,features.denseblock4.denselayer5.conv2,f.denseb4.denseL5.c2,ouidecay,OUIDecay,0.2892594174593444
densenet121_cifar100,DenseNet121 + CIFAR100,1,0.1,98,features.denseblock4.denselayer6.conv1,f.denseb4.denseL6.c1,uniform,WD fijo,0.1
densenet121_cifar100,DenseNet121 + CIFAR100,1,0.1,98,features.denseblock4.denselayer6.conv1,f.denseb4.denseL6.c1,adadecay,AdaDecay,0.1
densenet121_cifar100,DenseNet121 + CIFAR100,1,0.1,98,features.denseblock4.denselayer6.conv1,f.denseb4.denseL6.c1,ouidecay,OUIDecay,0.3824661855406051
densenet121_cifar100,DenseNet121 + CIFAR100,1,0.1,99,features.denseblock4.denselayer6.conv2,f.denseb4.denseL6.c2,uniform,WD fijo,0.1
densenet121_cifar100,DenseNet121 + CIFAR100,1,0.1,99,features.denseblock4.denselayer6.conv2,f.denseb4.denseL6.c2,adadecay,AdaDecay,0.1
densenet121_cifar100,DenseNet121 + CIFAR100,1,0.1,99,features.denseblock4.denselayer6.conv2,f.denseb4.denseL6.c2,ouidecay,OUIDecay,0.2157627051880764
densenet121_cifar100,DenseNet121 + CIFAR100,1,0.1,100,features.denseblock4.denselayer7.conv1,f.denseb4.denseL7.c1,uniform,WD fijo,0.1
densenet121_cifar100,DenseNet121 + CIFAR100,1,0.1,100,features.denseblock4.denselayer7.conv1,f.denseb4.denseL7.c1,adadecay,AdaDecay,0.1
densenet121_cifar100,DenseNet121 + CIFAR100,1,0.1,100,features.denseblock4.denselayer7.conv1,f.denseb4.denseL7.c1,ouidecay,OUIDecay,0.35382684166449224
densenet121_cifar100,DenseNet121 + CIFAR100,1,0.1,101,features.denseblock4.denselayer7.conv2,f.denseb4.denseL7.c2,uniform,WD fijo,0.1
densenet121_cifar100,DenseNet121 + CIFAR100,1,0.1,101,features.denseblock4.denselayer7.conv2,f.denseb4.denseL7.c2,adadecay,AdaDecay,0.1
densenet121_cifar100,DenseNet121 + CIFAR100,1,0.1,101,features.denseblock4.denselayer7.conv2,f.denseb4.denseL7.c2,ouidecay,OUIDecay,0.1859046658278737
densenet121_cifar100,DenseNet121 + CIFAR100,1,0.1,102,features.denseblock4.denselayer8.conv1,f.denseb4.denseL8.c1,uniform,WD fijo,0.1
densenet121_cifar100,DenseNet121 + CIFAR100,1,0.1,102,features.denseblock4.denselayer8.conv1,f.denseb4.denseL8.c1,adadecay,AdaDecay,0.1
densenet121_cifar100,DenseNet121 + CIFAR100,1,0.1,102,features.denseblock4.denselayer8.conv1,f.denseb4.denseL8.c1,ouidecay,OUIDecay,0.37227132908716065
densenet121_cifar100,DenseNet121 + CIFAR100,1,0.1,103,features.denseblock4.denselayer8.conv2,f.denseb4.denseL8.c2,uniform,WD fijo,0.1
densenet121_cifar100,DenseNet121 + CIFAR100,1,0.1,103,features.denseblock4.denselayer8.conv2,f.denseb4.denseL8.c2,adadecay,AdaDecay,0.1
densenet121_cifar100,DenseNet121 + CIFAR100,1,0.1,103,features.denseblock4.denselayer8.conv2,f.denseb4.denseL8.c2,ouidecay,OUIDecay,0.2545265961627822
densenet121_cifar100,DenseNet121 + CIFAR100,1,0.1,104,features.denseblock4.denselayer9.conv1,f.denseb4.denseL9.c1,uniform,WD fijo,0.1
densenet121_cifar100,DenseNet121 + CIFAR100,1,0.1,104,features.denseblock4.denselayer9.conv1,f.denseb4.denseL9.c1,adadecay,AdaDecay,0.1
densenet121_cifar100,DenseNet121 + CIFAR100,1,0.1,104,features.denseblock4.denselayer9.conv1,f.denseb4.denseL9.c1,ouidecay,OUIDecay,0.3582446127943181
densenet121_cifar100,DenseNet121 + CIFAR100,1,0.1,105,features.denseblock4.denselayer9.conv2,f.denseb4.denseL9.c2,uniform,WD fijo,0.1
densenet121_cifar100,DenseNet121 + CIFAR100,1,0.1,105,features.denseblock4.denselayer9.conv2,f.denseb4.denseL9.c2,adadecay,AdaDecay,0.1
densenet121_cifar100,DenseNet121 + CIFAR100,1,0.1,105,features.denseblock4.denselayer9.conv2,f.denseb4.denseL9.c2,ouidecay,OUIDecay,0.19115443099010712
densenet121_cifar100,DenseNet121 + CIFAR100,1,0.1,106,features.denseblock4.denselayer10.conv1,f.denseb4.denseL10.c1,uniform,WD fijo,0.1
densenet121_cifar100,DenseNet121 + CIFAR100,1,0.1,106,features.denseblock4.denselayer10.conv1,f.denseb4.denseL10.c1,adadecay,AdaDecay,0.1
densenet121_cifar100,DenseNet121 + CIFAR100,1,0.1,106,features.denseblock4.denselayer10.conv1,f.denseb4.denseL10.c1,ouidecay,OUIDecay,0.36534585763430355
densenet121_cifar100,DenseNet121 + CIFAR100,1,0.1,107,features.denseblock4.denselayer10.conv2,f.denseb4.denseL10.c2,uniform,WD fijo,0.1
densenet121_cifar100,DenseNet121 + CIFAR100,1,0.1,107,features.denseblock4.denselayer10.conv2,f.denseb4.denseL10.c2,adadecay,AdaDecay,0.1
densenet121_cifar100,DenseNet121 + CIFAR100,1,0.1,107,features.denseblock4.denselayer10.conv2,f.denseb4.denseL10.c2,ouidecay,OUIDecay,0.33430427746743674
densenet121_cifar100,DenseNet121 + CIFAR100,1,0.1,108,features.denseblock4.denselayer11.conv1,f.denseb4.denseL11.c1,uniform,WD fijo,0.1
densenet121_cifar100,DenseNet121 + CIFAR100,1,0.1,108,features.denseblock4.denselayer11.conv1,f.denseb4.denseL11.c1,adadecay,AdaDecay,0.1
densenet121_cifar100,DenseNet121 + CIFAR100,1,0.1,108,features.denseblock4.denselayer11.conv1,f.denseb4.denseL11.c1,ouidecay,OUIDecay,0.31862529133558776
densenet121_cifar100,DenseNet121 + CIFAR100,1,0.1,109,features.denseblock4.denselayer11.conv2,f.denseb4.denseL11.c2,uniform,WD fijo,0.1
densenet121_cifar100,DenseNet121 + CIFAR100,1,0.1,109,features.denseblock4.denselayer11.conv2,f.denseb4.denseL11.c2,adadecay,AdaDecay,0.1
densenet121_cifar100,DenseNet121 + CIFAR100,1,0.1,109,features.denseblock4.denselayer11.conv2,f.denseb4.denseL11.c2,ouidecay,OUIDecay,0.19546673808765608
densenet121_cifar100,DenseNet121 + CIFAR100,1,0.1,110,features.denseblock4.denselayer12.conv1,f.denseb4.denseL12.c1,uniform,WD fijo,0.1
densenet121_cifar100,DenseNet121 + CIFAR100,1,0.1,110,features.denseblock4.denselayer12.conv1,f.denseb4.denseL12.c1,adadecay,AdaDecay,0.1
densenet121_cifar100,DenseNet121 + CIFAR100,1,0.1,110,features.denseblock4.denselayer12.conv1,f.denseb4.denseL12.c1,ouidecay,OUIDecay,0.335405790693441
densenet121_cifar100,DenseNet121 + CIFAR100,1,0.1,111,features.denseblock4.denselayer12.conv2,f.denseb4.denseL12.c2,uniform,WD fijo,0.1
densenet121_cifar100,DenseNet121 + CIFAR100,1,0.1,111,features.denseblock4.denselayer12.conv2,f.denseb4.denseL12.c2,adadecay,AdaDecay,0.1
densenet121_cifar100,DenseNet121 + CIFAR100,1,0.1,111,features.denseblock4.denselayer12.conv2,f.denseb4.denseL12.c2,ouidecay,OUIDecay,0.235496197449686
densenet121_cifar100,DenseNet121 + CIFAR100,1,0.1,112,features.denseblock4.denselayer13.conv1,f.denseb4.denseL13.c1,uniform,WD fijo,0.1
densenet121_cifar100,DenseNet121 + CIFAR100,1,0.1,112,features.denseblock4.denselayer13.conv1,f.denseb4.denseL13.c1,adadecay,AdaDecay,0.1
densenet121_cifar100,DenseNet121 + CIFAR100,1,0.1,112,features.denseblock4.denselayer13.conv1,f.denseb4.denseL13.c1,ouidecay,OUIDecay,0.407343978932171
densenet121_cifar100,DenseNet121 + CIFAR100,1,0.1,113,features.denseblock4.denselayer13.conv2,f.denseb4.denseL13.c2,uniform,WD fijo,0.1
densenet121_cifar100,DenseNet121 + CIFAR100,1,0.1,113,features.denseblock4.denselayer13.conv2,f.denseb4.denseL13.c2,adadecay,AdaDecay,0.1
densenet121_cifar100,DenseNet121 + CIFAR100,1,0.1,113,features.denseblock4.denselayer13.conv2,f.denseb4.denseL13.c2,ouidecay,OUIDecay,0.1732021090513982
densenet121_cifar100,DenseNet121 + CIFAR100,1,0.1,114,features.denseblock4.denselayer14.conv1,f.denseb4.denseL14.c1,uniform,WD fijo,0.1
densenet121_cifar100,DenseNet121 + CIFAR100,1,0.1,114,features.denseblock4.denselayer14.conv1,f.denseb4.denseL14.c1,adadecay,AdaDecay,0.1
densenet121_cifar100,DenseNet121 + CIFAR100,1,0.1,114,features.denseblock4.denselayer14.conv1,f.denseb4.denseL14.c1,ouidecay,OUIDecay,0.3714744897321788
densenet121_cifar100,DenseNet121 + CIFAR100,1,0.1,115,features.denseblock4.denselayer14.conv2,f.denseb4.denseL14.c2,uniform,WD fijo,0.1
densenet121_cifar100,DenseNet121 + CIFAR100,1,0.1,115,features.denseblock4.denselayer14.conv2,f.denseb4.denseL14.c2,adadecay,AdaDecay,0.1
densenet121_cifar100,DenseNet121 + CIFAR100,1,0.1,115,features.denseblock4.denselayer14.conv2,f.denseb4.denseL14.c2,ouidecay,OUIDecay,0.24379270132214415
densenet121_cifar100,DenseNet121 + CIFAR100,1,0.1,116,features.denseblock4.denselayer15.conv1,f.denseb4.denseL15.c1,uniform,WD fijo,0.1
densenet121_cifar100,DenseNet121 + CIFAR100,1,0.1,116,features.denseblock4.denselayer15.conv1,f.denseb4.denseL15.c1,adadecay,AdaDecay,0.1
densenet121_cifar100,DenseNet121 + CIFAR100,1,0.1,116,features.denseblock4.denselayer15.conv1,f.denseb4.denseL15.c1,ouidecay,OUIDecay,0.39471173151054684
densenet121_cifar100,DenseNet121 + CIFAR100,1,0.1,117,features.denseblock4.denselayer15.conv2,f.denseb4.denseL15.c2,uniform,WD fijo,0.1
densenet121_cifar100,DenseNet121 + CIFAR100,1,0.1,117,features.denseblock4.denselayer15.conv2,f.denseb4.denseL15.c2,adadecay,AdaDecay,0.1
densenet121_cifar100,DenseNet121 + CIFAR100,1,0.1,117,features.denseblock4.denselayer15.conv2,f.denseb4.denseL15.c2,ouidecay,OUIDecay,0.06666
densenet121_cifar100,DenseNet121 + CIFAR100,1,0.1,118,features.denseblock4.denselayer16.conv1,f.denseb4.denseL16.c1,uniform,WD fijo,0.1
densenet121_cifar100,DenseNet121 + CIFAR100,1,0.1,118,features.denseblock4.denselayer16.conv1,f.denseb4.denseL16.c1,adadecay,AdaDecay,0.1
densenet121_cifar100,DenseNet121 + CIFAR100,1,0.1,118,features.denseblock4.denselayer16.conv1,f.denseb4.denseL16.c1,ouidecay,OUIDecay,0.4009927005439332
densenet121_cifar100,DenseNet121 + CIFAR100,1,0.1,119,features.denseblock4.denselayer16.conv2,f.denseb4.denseL16.c2,uniform,WD fijo,0.1
densenet121_cifar100,DenseNet121 + CIFAR100,1,0.1,119,features.denseblock4.denselayer16.conv2,f.denseb4.denseL16.c2,adadecay,AdaDecay,0.1
densenet121_cifar100,DenseNet121 + CIFAR100,1,0.1,119,features.denseblock4.denselayer16.conv2,f.denseb4.denseL16.c2,ouidecay,OUIDecay,0.1304071483985488
mobilenetv2_cifar10,MobileNetV2 + CIFAR10,1,0.0005,1,features.1.conv.0.0,f.1.c.0.0,uniform,WD fijo,0.0005
mobilenetv2_cifar10,MobileNetV2 + CIFAR10,1,0.0005,1,features.1.conv.0.0,f.1.c.0.0,adadecayg,AdaDecayG,0.0005
mobilenetv2_cifar10,MobileNetV2 + CIFAR10,1,0.0005,1,features.1.conv.0.0,f.1.c.0.0,ouidecay,OUIDecay,0.0016890534524966762
mobilenetv2_cifar10,MobileNetV2 + CIFAR10,1,0.0005,2,features.1.conv.1,f.1.c.1,uniform,WD fijo,0.0005
mobilenetv2_cifar10,MobileNetV2 + CIFAR10,1,0.0005,2,features.1.conv.1,f.1.c.1,adadecayg,AdaDecayG,0.0005
mobilenetv2_cifar10,MobileNetV2 + CIFAR10,1,0.0005,2,features.1.conv.1,f.1.c.1,ouidecay,OUIDecay,0.0016515289355960318
mobilenetv2_cifar10,MobileNetV2 + CIFAR10,1,0.0005,3,features.2.conv.0.0,f.2.c.0.0,uniform,WD fijo,0.0005
mobilenetv2_cifar10,MobileNetV2 + CIFAR10,1,0.0005,3,features.2.conv.0.0,f.2.c.0.0,adadecayg,AdaDecayG,0.0005
mobilenetv2_cifar10,MobileNetV2 + CIFAR10,1,0.0005,3,features.2.conv.0.0,f.2.c.0.0,ouidecay,OUIDecay,0.002296289874802447
mobilenetv2_cifar10,MobileNetV2 + CIFAR10,1,0.0005,4,features.2.conv.1.0,f.2.c.1.0,uniform,WD fijo,0.0005
mobilenetv2_cifar10,MobileNetV2 + CIFAR10,1,0.0005,4,features.2.conv.1.0,f.2.c.1.0,adadecayg,AdaDecayG,0.0005
mobilenetv2_cifar10,MobileNetV2 + CIFAR10,1,0.0005,4,features.2.conv.1.0,f.2.c.1.0,ouidecay,OUIDecay,0.0013853566216084595
mobilenetv2_cifar10,MobileNetV2 + CIFAR10,1,0.0005,5,features.2.conv.2,f.2.c.2,uniform,WD fijo,0.0005
mobilenetv2_cifar10,MobileNetV2 + CIFAR10,1,0.0005,5,features.2.conv.2,f.2.c.2,adadecayg,AdaDecayG,0.0005
mobilenetv2_cifar10,MobileNetV2 + CIFAR10,1,0.0005,5,features.2.conv.2,f.2.c.2,ouidecay,OUIDecay,0.0017106871606575008
mobilenetv2_cifar10,MobileNetV2 + CIFAR10,1,0.0005,6,features.3.conv.0.0,f.3.c.0.0,uniform,WD fijo,0.0005
mobilenetv2_cifar10,MobileNetV2 + CIFAR10,1,0.0005,6,features.3.conv.0.0,f.3.c.0.0,adadecayg,AdaDecayG,0.0005
mobilenetv2_cifar10,MobileNetV2 + CIFAR10,1,0.0005,6,features.3.conv.0.0,f.3.c.0.0,ouidecay,OUIDecay,0.0024303921248944893
mobilenetv2_cifar10,MobileNetV2 + CIFAR10,1,0.0005,7,features.3.conv.1.0,f.3.c.1.0,uniform,WD fijo,0.0005
mobilenetv2_cifar10,MobileNetV2 + CIFAR10,1,0.0005,7,features.3.conv.1.0,f.3.c.1.0,adadecayg,AdaDecayG,0.0005
mobilenetv2_cifar10,MobileNetV2 + CIFAR10,1,0.0005,7,features.3.conv.1.0,f.3.c.1.0,ouidecay,OUIDecay,0.0018589495769973997
mobilenetv2_cifar10,MobileNetV2 + CIFAR10,1,0.0005,8,features.3.conv.2,f.3.c.2,uniform,WD fijo,0.0005
mobilenetv2_cifar10,MobileNetV2 + CIFAR10,1,0.0005,8,features.3.conv.2,f.3.c.2,adadecayg,AdaDecayG,0.0005
mobilenetv2_cifar10,MobileNetV2 + CIFAR10,1,0.0005,8,features.3.conv.2,f.3.c.2,ouidecay,OUIDecay,0.0016568783906324915
mobilenetv2_cifar10,MobileNetV2 + CIFAR10,1,0.0005,9,features.4.conv.0.0,f.4.c.0.0,uniform,WD fijo,0.0005
mobilenetv2_cifar10,MobileNetV2 + CIFAR10,1,0.0005,9,features.4.conv.0.0,f.4.c.0.0,adadecayg,AdaDecayG,0.0005
mobilenetv2_cifar10,MobileNetV2 + CIFAR10,1,0.0005,9,features.4.conv.0.0,f.4.c.0.0,ouidecay,OUIDecay,0.0024703028904860492
mobilenetv2_cifar10,MobileNetV2 + CIFAR10,1,0.0005,10,features.4.conv.1.0,f.4.c.1.0,uniform,WD fijo,0.0005
mobilenetv2_cifar10,MobileNetV2 + CIFAR10,1,0.0005,10,features.4.conv.1.0,f.4.c.1.0,adadecayg,AdaDecayG,0.0005
mobilenetv2_cifar10,MobileNetV2 + CIFAR10,1,0.0005,10,features.4.conv.1.0,f.4.c.1.0,ouidecay,OUIDecay,0.001084570463871439
mobilenetv2_cifar10,MobileNetV2 + CIFAR10,1,0.0005,11,features.4.conv.2,f.4.c.2,uniform,WD fijo,0.0005
mobilenetv2_cifar10,MobileNetV2 + CIFAR10,1,0.0005,11,features.4.conv.2,f.4.c.2,adadecayg,AdaDecayG,0.0005
mobilenetv2_cifar10,MobileNetV2 + CIFAR10,1,0.0005,11,features.4.conv.2,f.4.c.2,ouidecay,OUIDecay,0.0016848053939796223
mobilenetv2_cifar10,MobileNetV2 + CIFAR10,1,0.0005,12,features.5.conv.0.0,f.5.c.0.0,uniform,WD fijo,0.0005
mobilenetv2_cifar10,MobileNetV2 + CIFAR10,1,0.0005,12,features.5.conv.0.0,f.5.c.0.0,adadecayg,AdaDecayG,0.0005
mobilenetv2_cifar10,MobileNetV2 + CIFAR10,1,0.0005,12,features.5.conv.0.0,f.5.c.0.0,ouidecay,OUIDecay,0.002471050282129034
mobilenetv2_cifar10,MobileNetV2 + CIFAR10,1,0.0005,13,features.5.conv.1.0,f.5.c.1.0,uniform,WD fijo,0.0005
mobilenetv2_cifar10,MobileNetV2 + CIFAR10,1,0.0005,13,features.5.conv.1.0,f.5.c.1.0,adadecayg,AdaDecayG,0.0005
mobilenetv2_cifar10,MobileNetV2 + CIFAR10,1,0.0005,13,features.5.conv.1.0,f.5.c.1.0,ouidecay,OUIDecay,0.001846821683373028
mobilenetv2_cifar10,MobileNetV2 + CIFAR10,1,0.0005,14,features.5.conv.2,f.5.c.2,uniform,WD fijo,0.0005
mobilenetv2_cifar10,MobileNetV2 + CIFAR10,1,0.0005,14,features.5.conv.2,f.5.c.2,adadecayg,AdaDecayG,0.0005
mobilenetv2_cifar10,MobileNetV2 + CIFAR10,1,0.0005,14,features.5.conv.2,f.5.c.2,ouidecay,OUIDecay,0.0017911248585314482
mobilenetv2_cifar10,MobileNetV2 + CIFAR10,1,0.0005,15,features.6.conv.0.0,f.6.c.0.0,uniform,WD fijo,0.0005
mobilenetv2_cifar10,MobileNetV2 + CIFAR10,1,0.0005,15,features.6.conv.0.0,f.6.c.0.0,adadecayg,AdaDecayG,0.0005
mobilenetv2_cifar10,MobileNetV2 + CIFAR10,1,0.0005,15,features.6.conv.0.0,f.6.c.0.0,ouidecay,OUIDecay,0.002499999975833267
mobilenetv2_cifar10,MobileNetV2 + CIFAR10,1,0.0005,16,features.6.conv.1.0,f.6.c.1.0,uniform,WD fijo,0.0005
mobilenetv2_cifar10,MobileNetV2 + CIFAR10,1,0.0005,16,features.6.conv.1.0,f.6.c.1.0,adadecayg,AdaDecayG,0.0005
mobilenetv2_cifar10,MobileNetV2 + CIFAR10,1,0.0005,16,features.6.conv.1.0,f.6.c.1.0,ouidecay,OUIDecay,0.0019213396810506948
mobilenetv2_cifar10,MobileNetV2 + CIFAR10,1,0.0005,17,features.6.conv.2,f.6.c.2,uniform,WD fijo,0.0005
mobilenetv2_cifar10,MobileNetV2 + CIFAR10,1,0.0005,17,features.6.conv.2,f.6.c.2,adadecayg,AdaDecayG,0.0005
mobilenetv2_cifar10,MobileNetV2 + CIFAR10,1,0.0005,17,features.6.conv.2,f.6.c.2,ouidecay,OUIDecay,0.002062882601997438
mobilenetv2_cifar10,MobileNetV2 + CIFAR10,1,0.0005,18,features.7.conv.0.0,f.7.c.0.0,uniform,WD fijo,0.0005
mobilenetv2_cifar10,MobileNetV2 + CIFAR10,1,0.0005,18,features.7.conv.0.0,f.7.c.0.0,adadecayg,AdaDecayG,0.0005
mobilenetv2_cifar10,MobileNetV2 + CIFAR10,1,0.0005,18,features.7.conv.0.0,f.7.c.0.0,ouidecay,OUIDecay,0.00247187629350735
mobilenetv2_cifar10,MobileNetV2 + CIFAR10,1,0.0005,19,features.7.conv.1.0,f.7.c.1.0,uniform,WD fijo,0.0005
mobilenetv2_cifar10,MobileNetV2 + CIFAR10,1,0.0005,19,features.7.conv.1.0,f.7.c.1.0,adadecayg,AdaDecayG,0.0005
mobilenetv2_cifar10,MobileNetV2 + CIFAR10,1,0.0005,19,features.7.conv.1.0,f.7.c.1.0,ouidecay,OUIDecay,0.0010853178123009378
mobilenetv2_cifar10,MobileNetV2 + CIFAR10,1,0.0005,20,features.7.conv.2,f.7.c.2,uniform,WD fijo,0.0005
mobilenetv2_cifar10,MobileNetV2 + CIFAR10,1,0.0005,20,features.7.conv.2,f.7.c.2,adadecayg,AdaDecayG,0.0005
mobilenetv2_cifar10,MobileNetV2 + CIFAR10,1,0.0005,20,features.7.conv.2,f.7.c.2,ouidecay,OUIDecay,0.001651056929094137
mobilenetv2_cifar10,MobileNetV2 + CIFAR10,1,0.0005,21,features.8.conv.0.0,f.8.c.0.0,uniform,WD fijo,0.0005
mobilenetv2_cifar10,MobileNetV2 + CIFAR10,1,0.0005,21,features.8.conv.0.0,f.8.c.0.0,adadecayg,AdaDecayG,0.0005
mobilenetv2_cifar10,MobileNetV2 + CIFAR10,1,0.0005,21,features.8.conv.0.0,f.8.c.0.0,ouidecay,OUIDecay,0.0022443298065128563
mobilenetv2_cifar10,MobileNetV2 + CIFAR10,1,0.0005,22,features.8.conv.1.0,f.8.c.1.0,uniform,WD fijo,0.0005
mobilenetv2_cifar10,MobileNetV2 + CIFAR10,1,0.0005,22,features.8.conv.1.0,f.8.c.1.0,adadecayg,AdaDecayG,0.0005
mobilenetv2_cifar10,MobileNetV2 + CIFAR10,1,0.0005,22,features.8.conv.1.0,f.8.c.1.0,ouidecay,OUIDecay,0.0016263356461753726
mobilenetv2_cifar10,MobileNetV2 + CIFAR10,1,0.0005,23,features.8.conv.2,f.8.c.2,uniform,WD fijo,0.0005
mobilenetv2_cifar10,MobileNetV2 + CIFAR10,1,0.0005,23,features.8.conv.2,f.8.c.2,adadecayg,AdaDecayG,0.0005
mobilenetv2_cifar10,MobileNetV2 + CIFAR10,1,0.0005,23,features.8.conv.2,f.8.c.2,ouidecay,OUIDecay,0.002004825802264365
mobilenetv2_cifar10,MobileNetV2 + CIFAR10,1,0.0005,24,features.9.conv.0.0,f.9.c.0.0,uniform,WD fijo,0.0005
mobilenetv2_cifar10,MobileNetV2 + CIFAR10,1,0.0005,24,features.9.conv.0.0,f.9.c.0.0,adadecayg,AdaDecayG,0.0005
mobilenetv2_cifar10,MobileNetV2 + CIFAR10,1,0.0005,24,features.9.conv.0.0,f.9.c.0.0,ouidecay,OUIDecay,0.0014372577034898087
mobilenetv2_cifar10,MobileNetV2 + CIFAR10,1,0.0005,25,features.9.conv.1.0,f.9.c.1.0,uniform,WD fijo,0.0005
mobilenetv2_cifar10,MobileNetV2 + CIFAR10,1,0.0005,25,features.9.conv.1.0,f.9.c.1.0,adadecayg,AdaDecayG,0.0005
mobilenetv2_cifar10,MobileNetV2 + CIFAR10,1,0.0005,25,features.9.conv.1.0,f.9.c.1.0,ouidecay,OUIDecay,0.0010998123500981253
mobilenetv2_cifar10,MobileNetV2 + CIFAR10,1,0.0005,26,features.9.conv.2,f.9.c.2,uniform,WD fijo,0.0005
mobilenetv2_cifar10,MobileNetV2 + CIFAR10,1,0.0005,26,features.9.conv.2,f.9.c.2,adadecayg,AdaDecayG,0.0005
mobilenetv2_cifar10,MobileNetV2 + CIFAR10,1,0.0005,26,features.9.conv.2,f.9.c.2,ouidecay,OUIDecay,0.0018567337622948396
mobilenetv2_cifar10,MobileNetV2 + CIFAR10,1,0.0005,27,features.10.conv.0.0,f.10.c.0.0,uniform,WD fijo,0.0005
mobilenetv2_cifar10,MobileNetV2 + CIFAR10,1,0.0005,27,features.10.conv.0.0,f.10.c.0.0,adadecayg,AdaDecayG,0.0005
mobilenetv2_cifar10,MobileNetV2 + CIFAR10,1,0.0005,27,features.10.conv.0.0,f.10.c.0.0,ouidecay,OUIDecay,0.0011417422802224493
mobilenetv2_cifar10,MobileNetV2 + CIFAR10,1,0.0005,28,features.10.conv.1.0,f.10.c.1.0,uniform,WD fijo,0.0005
mobilenetv2_cifar10,MobileNetV2 + CIFAR10,1,0.0005,28,features.10.conv.1.0,f.10.c.1.0,adadecayg,AdaDecayG,0.0005
mobilenetv2_cifar10,MobileNetV2 + CIFAR10,1,0.0005,28,features.10.conv.1.0,f.10.c.1.0,ouidecay,OUIDecay,0.0009069485315316095
mobilenetv2_cifar10,MobileNetV2 + CIFAR10,1,0.0005,29,features.10.conv.2,f.10.c.2,uniform,WD fijo,0.0005
mobilenetv2_cifar10,MobileNetV2 + CIFAR10,1,0.0005,29,features.10.conv.2,f.10.c.2,adadecayg,AdaDecayG,0.0005
mobilenetv2_cifar10,MobileNetV2 + CIFAR10,1,0.0005,29,features.10.conv.2,f.10.c.2,ouidecay,OUIDecay,0.0010795750569248862
mobilenetv2_cifar10,MobileNetV2 + CIFAR10,1,0.0005,30,features.11.conv.0.0,f.11.c.0.0,uniform,WD fijo,0.0005
mobilenetv2_cifar10,MobileNetV2 + CIFAR10,1,0.0005,30,features.11.conv.0.0,f.11.c.0.0,adadecayg,AdaDecayG,0.0005
mobilenetv2_cifar10,MobileNetV2 + CIFAR10,1,0.0005,30,features.11.conv.0.0,f.11.c.0.0,ouidecay,OUIDecay,0.0011798469525756794
mobilenetv2_cifar10,MobileNetV2 + CIFAR10,1,0.0005,31,features.11.conv.1.0,f.11.c.1.0,uniform,WD fijo,0.0005
mobilenetv2_cifar10,MobileNetV2 + CIFAR10,1,0.0005,31,features.11.conv.1.0,f.11.c.1.0,adadecayg,AdaDecayG,0.0005
mobilenetv2_cifar10,MobileNetV2 + CIFAR10,1,0.0005,31,features.11.conv.1.0,f.11.c.1.0,ouidecay,OUIDecay,0.0009405200083833796
mobilenetv2_cifar10,MobileNetV2 + CIFAR10,1,0.0005,32,features.11.conv.2,f.11.c.2,uniform,WD fijo,0.0005
mobilenetv2_cifar10,MobileNetV2 + CIFAR10,1,0.0005,32,features.11.conv.2,f.11.c.2,adadecayg,AdaDecayG,0.0005
mobilenetv2_cifar10,MobileNetV2 + CIFAR10,1,0.0005,32,features.11.conv.2,f.11.c.2,ouidecay,OUIDecay,0.0016675772142784393
mobilenetv2_cifar10,MobileNetV2 + CIFAR10,1,0.0005,33,features.12.conv.0.0,f.12.c.0.0,uniform,WD fijo,0.0005
mobilenetv2_cifar10,MobileNetV2 + CIFAR10,1,0.0005,33,features.12.conv.0.0,f.12.c.0.0,adadecayg,AdaDecayG,0.0005
mobilenetv2_cifar10,MobileNetV2 + CIFAR10,1,0.0005,33,features.12.conv.0.0,f.12.c.0.0,ouidecay,OUIDecay,0.0004115547506285318
mobilenetv2_cifar10,MobileNetV2 + CIFAR10,1,0.0005,34,features.12.conv.1.0,f.12.c.1.0,uniform,WD fijo,0.0005
mobilenetv2_cifar10,MobileNetV2 + CIFAR10,1,0.0005,34,features.12.conv.1.0,f.12.c.1.0,adadecayg,AdaDecayG,0.0005
mobilenetv2_cifar10,MobileNetV2 + CIFAR10,1,0.0005,34,features.12.conv.1.0,f.12.c.1.0,ouidecay,OUIDecay,0.00035485496238615914
mobilenetv2_cifar10,MobileNetV2 + CIFAR10,1,0.0005,35,features.12.conv.2,f.12.c.2,uniform,WD fijo,0.0005
mobilenetv2_cifar10,MobileNetV2 + CIFAR10,1,0.0005,35,features.12.conv.2,f.12.c.2,adadecayg,AdaDecayG,0.0005
mobilenetv2_cifar10,MobileNetV2 + CIFAR10,1,0.0005,35,features.12.conv.2,f.12.c.2,ouidecay,OUIDecay,0.0014587536470576116
mobilenetv2_cifar10,MobileNetV2 + CIFAR10,1,0.0005,36,features.13.conv.0.0,f.13.c.0.0,uniform,WD fijo,0.0005
mobilenetv2_cifar10,MobileNetV2 + CIFAR10,1,0.0005,36,features.13.conv.0.0,f.13.c.0.0,adadecayg,AdaDecayG,0.0005
mobilenetv2_cifar10,MobileNetV2 + CIFAR10,1,0.0005,36,features.13.conv.0.0,f.13.c.0.0,ouidecay,OUIDecay,0.0003923467054588791
mobilenetv2_cifar10,MobileNetV2 + CIFAR10,1,0.0005,37,features.13.conv.1.0,f.13.c.1.0,uniform,WD fijo,0.0005
mobilenetv2_cifar10,MobileNetV2 + CIFAR10,1,0.0005,37,features.13.conv.1.0,f.13.c.1.0,adadecayg,AdaDecayG,0.0005
mobilenetv2_cifar10,MobileNetV2 + CIFAR10,1,0.0005,37,features.13.conv.1.0,f.13.c.1.0,ouidecay,OUIDecay,0.00033329999999999997
mobilenetv2_cifar10,MobileNetV2 + CIFAR10,1,0.0005,38,features.13.conv.2,f.13.c.2,uniform,WD fijo,0.0005
mobilenetv2_cifar10,MobileNetV2 + CIFAR10,1,0.0005,38,features.13.conv.2,f.13.c.2,adadecayg,AdaDecayG,0.0005
mobilenetv2_cifar10,MobileNetV2 + CIFAR10,1,0.0005,38,features.13.conv.2,f.13.c.2,ouidecay,OUIDecay,0.001601496275204163
mobilenetv2_cifar10,MobileNetV2 + CIFAR10,1,0.0005,39,features.14.conv.0.0,f.14.c.0.0,uniform,WD fijo,0.0005
mobilenetv2_cifar10,MobileNetV2 + CIFAR10,1,0.0005,39,features.14.conv.0.0,f.14.c.0.0,adadecayg,AdaDecayG,0.0005
mobilenetv2_cifar10,MobileNetV2 + CIFAR10,1,0.0005,39,features.14.conv.0.0,f.14.c.0.0,ouidecay,OUIDecay,0.00062813362249371
mobilenetv2_cifar10,MobileNetV2 + CIFAR10,1,0.0005,40,features.14.conv.1.0,f.14.c.1.0,uniform,WD fijo,0.0005
mobilenetv2_cifar10,MobileNetV2 + CIFAR10,1,0.0005,40,features.14.conv.1.0,f.14.c.1.0,adadecayg,AdaDecayG,0.0005
mobilenetv2_cifar10,MobileNetV2 + CIFAR10,1,0.0005,40,features.14.conv.1.0,f.14.c.1.0,ouidecay,OUIDecay,0.0004509672899356321
mobilenetv2_cifar10,MobileNetV2 + CIFAR10,1,0.0005,41,features.14.conv.2,f.14.c.2,uniform,WD fijo,0.0005
mobilenetv2_cifar10,MobileNetV2 + CIFAR10,1,0.0005,41,features.14.conv.2,f.14.c.2,adadecayg,AdaDecayG,0.0005
mobilenetv2_cifar10,MobileNetV2 + CIFAR10,1,0.0005,41,features.14.conv.2,f.14.c.2,ouidecay,OUIDecay,0.0018027834248900505
mobilenetv2_cifar10,MobileNetV2 + CIFAR10,1,0.0005,42,features.15.conv.0.0,f.15.c.0.0,uniform,WD fijo,0.0005
mobilenetv2_cifar10,MobileNetV2 + CIFAR10,1,0.0005,42,features.15.conv.0.0,f.15.c.0.0,adadecayg,AdaDecayG,0.0005
mobilenetv2_cifar10,MobileNetV2 + CIFAR10,1,0.0005,42,features.15.conv.0.0,f.15.c.0.0,ouidecay,OUIDecay,0.0007796621501085084
mobilenetv2_cifar10,MobileNetV2 + CIFAR10,1,0.0005,43,features.15.conv.1.0,f.15.c.1.0,uniform,WD fijo,0.0005
mobilenetv2_cifar10,MobileNetV2 + CIFAR10,1,0.0005,43,features.15.conv.1.0,f.15.c.1.0,adadecayg,AdaDecayG,0.0005
mobilenetv2_cifar10,MobileNetV2 + CIFAR10,1,0.0005,43,features.15.conv.1.0,f.15.c.1.0,ouidecay,OUIDecay,0.0005567413426775296
mobilenetv2_cifar10,MobileNetV2 + CIFAR10,1,0.0005,44,features.15.conv.2,f.15.c.2,uniform,WD fijo,0.0005
mobilenetv2_cifar10,MobileNetV2 + CIFAR10,1,0.0005,44,features.15.conv.2,f.15.c.2,adadecayg,AdaDecayG,0.0005
mobilenetv2_cifar10,MobileNetV2 + CIFAR10,1,0.0005,44,features.15.conv.2,f.15.c.2,ouidecay,OUIDecay,0.0011580461378649133
mobilenetv2_cifar10,MobileNetV2 + CIFAR10,1,0.0005,45,features.16.conv.0.0,f.16.c.0.0,uniform,WD fijo,0.0005
mobilenetv2_cifar10,MobileNetV2 + CIFAR10,1,0.0005,45,features.16.conv.0.0,f.16.c.0.0,adadecayg,AdaDecayG,0.0005
mobilenetv2_cifar10,MobileNetV2 + CIFAR10,1,0.0005,45,features.16.conv.0.0,f.16.c.0.0,ouidecay,OUIDecay,0.0006751992305397899
mobilenetv2_cifar10,MobileNetV2 + CIFAR10,1,0.0005,46,features.16.conv.1.0,f.16.c.1.0,uniform,WD fijo,0.0005
mobilenetv2_cifar10,MobileNetV2 + CIFAR10,1,0.0005,46,features.16.conv.1.0,f.16.c.1.0,adadecayg,AdaDecayG,0.0005
mobilenetv2_cifar10,MobileNetV2 + CIFAR10,1,0.0005,46,features.16.conv.1.0,f.16.c.1.0,ouidecay,OUIDecay,0.000566948476078759
mobilenetv2_cifar10,MobileNetV2 + CIFAR10,1,0.0005,47,features.16.conv.2,f.16.c.2,uniform,WD fijo,0.0005
mobilenetv2_cifar10,MobileNetV2 + CIFAR10,1,0.0005,47,features.16.conv.2,f.16.c.2,adadecayg,AdaDecayG,0.0005
mobilenetv2_cifar10,MobileNetV2 + CIFAR10,1,0.0005,47,features.16.conv.2,f.16.c.2,ouidecay,OUIDecay,0.0013199916003549435
mobilenetv2_cifar10,MobileNetV2 + CIFAR10,1,0.0005,48,features.17.conv.0.0,f.17.c.0.0,uniform,WD fijo,0.0005
mobilenetv2_cifar10,MobileNetV2 + CIFAR10,1,0.0005,48,features.17.conv.0.0,f.17.c.0.0,adadecayg,AdaDecayG,0.0005
mobilenetv2_cifar10,MobileNetV2 + CIFAR10,1,0.0005,48,features.17.conv.0.0,f.17.c.0.0,ouidecay,OUIDecay,0.0005327162074097306
mobilenetv2_cifar10,MobileNetV2 + CIFAR10,1,0.0005,49,features.17.conv.1.0,f.17.c.1.0,uniform,WD fijo,0.0005
mobilenetv2_cifar10,MobileNetV2 + CIFAR10,1,0.0005,49,features.17.conv.1.0,f.17.c.1.0,adadecayg,AdaDecayG,0.0005
mobilenetv2_cifar10,MobileNetV2 + CIFAR10,1,0.0005,49,features.17.conv.1.0,f.17.c.1.0,ouidecay,OUIDecay,0.0004224672829678311
mobilenetv2_cifar10,MobileNetV2 + CIFAR10,1,0.0005,50,features.17.conv.2,f.17.c.2,uniform,WD fijo,0.0005
mobilenetv2_cifar10,MobileNetV2 + CIFAR10,1,0.0005,50,features.17.conv.2,f.17.c.2,adadecayg,AdaDecayG,0.0005
mobilenetv2_cifar10,MobileNetV2 + CIFAR10,1,0.0005,50,features.17.conv.2,f.17.c.2,ouidecay,OUIDecay,0.0020761342191089253
mobilenetv2_cifar10,MobileNetV2 + CIFAR10,1,0.0005,51,features.18.0,f.18.0,uniform,WD fijo,0.0005
mobilenetv2_cifar10,MobileNetV2 + CIFAR10,1,0.0005,51,features.18.0,f.18.0,adadecayg,AdaDecayG,0.0005
mobilenetv2_cifar10,MobileNetV2 + CIFAR10,1,0.0005,51,features.18.0,f.18.0,ouidecay,OUIDecay,0.0016503282921040293
